Query,Query RR,Query Expanded,Expanded Query RR,خروجی برای Query,شباهت با Query,خروجی برای Query Expanded,شباهت با Query Expanded
"q1 = ""الحمد لله""",1,"q1 = ""الحمد لله العالمين رب""",1,,,,
,,,,الْحَمْدُ لِلَّهِ رَبِّ الْعَالَمِينَ,0.869,الْحَمْدُ لِلَّهِ رَبِّ الْعَالَمِينَ,1
,,,,وَ الْحَمْدُ لِلَّهِ رَبِّ الْعَالَمِينَ,0.865,وَ الْحَمْدُ لِلَّهِ رَبِّ الْعَالَمِينَ,0.996
,,,,الْحَمْدُ لِلَّهِ الَّذِي لَهُ مَا فِي السَّمَاوَاتِ وَ مَا فِي الْأَرْضِ وَ لَهُ الْحَمْدُ فِي الْآخِرَةِ وَ هُوَ الْحَكِيمُ الْخَبِيرُ,0.803,فَلِلَّهِ الْحَمْدُ رَبِّ السَّمَاوَاتِ وَ رَبِّ الْأَرْضِ رَبِّ الْعَالَمِينَ,0.867
,,,,فَلِلَّهِ الْحَمْدُ رَبِّ السَّمَاوَاتِ وَ رَبِّ الْأَرْضِ رَبِّ الْعَالَمِينَ,0.73,فَقُطِعَ دَابِرُ الْقَوْمِ الَّذِينَ ظَلَمُوا وَ الْحَمْدُ لِلَّهِ رَبِّ الْعَالَمِينَ,0.795
,,,,يُسَبِّحُ لِلَّهِ مَا فِي السَّمَاوَاتِ وَ مَا فِي الْأَرْضِ لَهُ الْمُلْكُ وَ لَهُ الْحَمْدُ وَ هُوَ عَلَىٰ كُلِّ شَيْءٍ قَدِيرٌ,0.729,هُوَ الْحَيُّ لَا إِلَهَ إِلَّا هُوَ فَادْعُوهُ مُخْلِصِينَ لَهُ الدِّينَ الْحَمْدُ لِلَّهِ رَبِّ الْعَالَمِينَ,0.782
,,,,قُلِ الْحَمْدُ لِلَّهِ وَ سَلَامٌ عَلَىٰ عِبَادِهِ الَّذِينَ اصْطَفَىٰ آللَّهُ خَيْرٌ أَمَّا يُشْرِكُونَ,0.722,وَ إِنَّهُ لَتَنْزِيلُ رَبِّ الْعَالَمِينَ,0.751
,,,,وَ لَئِنْ سَأَلْتَهُمْ مَنْ خَلَقَ السَّمَاوَاتِ وَ الْأَرْضَ لَيَقُولُنَّ اللَّهُ قُلِ الْحَمْدُ لِلَّهِ بَلْ أَكْثَرُهُمْ لَا يَعْلَمُونَ,0.72,دَعْوَاهُمْ فِيهَا سُبْحَانَكَ اللَّهُمَّ وَ تَحِيَّتُهُمْ فِيهَا سَلَامٌ وَ آخِرُ دَعْوَاهُمْ أَنِ الْحَمْدُ لِلَّهِ رَبِّ الْعَالَمِينَ,0.749
,,,,فَقُطِعَ دَابِرُ الْقَوْمِ الَّذِينَ ظَلَمُوا وَ الْحَمْدُ لِلَّهِ رَبِّ الْعَالَمِينَ,0.709,الْحَمْدُ لِلَّهِ الَّذِي لَهُ مَا فِي السَّمَاوَاتِ وَ مَا فِي الْأَرْضِ وَ لَهُ الْحَمْدُ فِي الْآخِرَةِ وَ هُوَ الْحَكِيمُ الْخَبِيرُ,0.733
,,,,فَإِذَا اسْتَوَيْتَ أَنْتَ وَ مَنْ مَعَكَ عَلَى الْفُلْكِ فَقُلِ الْحَمْدُ لِلَّهِ الَّذِي نَجَّانَا مِنَ الْقَوْمِ الظَّالِمِينَ,0.707,سَلَامٌ عَلَىٰ نُوحٍ فِي الْعَالَمِينَ,0.721
,,,,هُوَ الْحَيُّ لَا إِلَهَ إِلَّا هُوَ فَادْعُوهُ مُخْلِصِينَ لَهُ الدِّينَ الْحَمْدُ لِلَّهِ رَبِّ الْعَالَمِينَ,0.7,قُلِ الْحَمْدُ لِلَّهِ وَ سَلَامٌ عَلَىٰ عِبَادِهِ الَّذِينَ اصْطَفَىٰ آللَّهُ خَيْرٌ أَمَّا يُشْرِكُونَ,0.705
"q2 = ""فرعون موسی""",1,"q2 = ""فرعون موسي الي طغي""",1,,,,
,,,,وَ قَالَ مُوسَىٰ يَا فِرْعَوْنُ إِنِّي رَسُولٌ مِنْ رَبِّ الْعَالَمِينَ,0.777,اذْهَبَا إِلَىٰ فِرْعَوْنَ إِنَّهُ طَغَىٰ,0.938
,,,,وَ فِي مُوسَىٰ إِذْ أَرْسَلْنَاهُ إِلَىٰ فِرْعَوْنَ بِسُلْطَانٍ مُبِينٍ,0.756,اذْهَبْ إِلَىٰ فِرْعَوْنَ إِنَّهُ طَغَىٰ,0.938
,,,,إِلَىٰ فِرْعَوْنَ وَ مَلَئِهِ فَاتَّبَعُوا أَمْرَ فِرْعَوْنَ وَ مَا أَمْرُ فِرْعَوْنَ بِرَشِيدٍ,0.751,اذْهَبْ إِلَىٰ فِرْعَوْنَ إِنَّهُ طَغَىٰ,0.938
,,,,وَ لَقَدْ أَرْسَلْنَا مُوسَىٰ بِآيَاتِنَا إِلَىٰ فِرْعَوْنَ وَ مَلَئِهِ فَقَالَ إِنِّي رَسُولُ رَبِّ الْعَالَمِينَ,0.75,كَذَّبَتْ ثَمُودُ بِطَغْوَاهَا,0.85
,,,,قَالَ فَمَنْ رَبُّكُمَا يَا مُوسَىٰ,0.741,فَأَمَّا مَنْ طَغَىٰ,0.843
,,,,نَتْلُو عَلَيْكَ مِنْ نَبَإِ مُوسَىٰ وَ فِرْعَوْنَ بِالْحَقِّ لِقَوْمٍ يُؤْمِنُونَ,0.728,وَ قَوْمَ نُوحٍ مِنْ قَبْلُ إِنَّهُمْ كَانُوا هُمْ أَظْلَمَ وَ أَطْغَىٰ,0.821
,,,,قَالَ الْمَلَأُ مِنْ قَوْمِ فِرْعَوْنَ إِنَّ هَذَا لَسَاحِرٌ عَلِيمٌ,0.726,كَلَّا إِنَّ الْإِنْسَانَ لَيَطْغَىٰ,0.788
,,,,وَ قَالَ فِرْعَوْنُ ائْتُونِي بِكُلِّ سَاحِرٍ عَلِيمٍ,0.723,قَالُوا يَا وَيْلَنَا إِنَّا كُنَّا طَاغِينَ,0.786
,,,,قَوْمَ فِرْعَوْنَ أَ لَا يَتَّقُونَ,0.718,فَأَمَّا ثَمُودُ فَأُهْلِكُوا بِالطَّاغِيَةِ,0.769
,,,,قَالَ فِرْعَوْنُ وَ مَا رَبُّ الْعَالَمِينَ,0.711,أَ تَوَاصَوْا بِهِ بَلْ هُمْ قَوْمٌ طَاغُونَ,0.764
"q3 = ""رب العالمين""",1,"q3 = ""رب العالمين اجري اسالكم""",1,,,,
,,,,قَالَ فِرْعَوْنُ وَ مَا رَبُّ الْعَالَمِينَ,0.882,وَ مَا أَسْأَلُكُمْ عَلَيْهِ مِنْ أَجْرٍ إِنْ أَجْرِيَ إِلَّا عَلَىٰ رَبِّ الْعَالَمِينَ,0.976
,,,,وَ إِنَّهُ لَتَنْزِيلُ رَبِّ الْعَالَمِينَ,0.803,وَ مَا أَسْأَلُكُمْ عَلَيْهِ مِنْ أَجْرٍ إِنْ أَجْرِيَ إِلَّا عَلَىٰ رَبِّ الْعَالَمِينَ,0.976
,,,,وَ قَالَ مُوسَىٰ يَا فِرْعَوْنُ إِنِّي رَسُولٌ مِنْ رَبِّ الْعَالَمِينَ,0.787,وَ مَا أَسْأَلُكُمْ عَلَيْهِ مِنْ أَجْرٍ إِنْ أَجْرِيَ إِلَّا عَلَىٰ رَبِّ الْعَالَمِينَ,0.976
,,,,تَنْزِيلٌ مِنْ رَبِّ الْعَالَمِينَ,0.783,وَ مَا أَسْأَلُكُمْ عَلَيْهِ مِنْ أَجْرٍ إِنْ أَجْرِيَ إِلَّا عَلَىٰ رَبِّ الْعَالَمِينَ,0.976
,,,,تَنْزِيلٌ مِنْ رَبِّ الْعَالَمِينَ,0.783,وَ مَا أَسْأَلُكُمْ عَلَيْهِ مِنْ أَجْرٍ إِنْ أَجْرِيَ إِلَّا عَلَىٰ رَبِّ الْعَالَمِينَ,0.976
,,,,الْحَمْدُ لِلَّهِ رَبِّ الْعَالَمِينَ,0.781,يَا قَوْمِ لَا أَسْأَلُكُمْ عَلَيْهِ أَجْرًا إِنْ أَجْرِيَ إِلَّا عَلَى الَّذِي فَطَرَنِي أَ فَلَا تَعْقِلُونَ,0.863
,,,,وَ الْحَمْدُ لِلَّهِ رَبِّ الْعَالَمِينَ,0.779,قُلْ مَا أَسْأَلُكُمْ عَلَيْهِ مِنْ أَجْرٍ وَ مَا أَنَا مِنَ الْمُتَكَلِّفِينَ,0.817
,,,,سَلَامٌ عَلَىٰ نُوحٍ فِي الْعَالَمِينَ,0.76,وَ يَا قَوْمِ لَا أَسْأَلُكُمْ عَلَيْهِ مَالًا إِنْ أَجْرِيَ إِلَّا عَلَى اللَّهِ وَ مَا أَنَا بِطَارِدِ الَّذِينَ آمَنُوا إِنَّهُمْ مُلَاقُو رَبِّهِمْ وَ لَكِنِّي أَرَاكُمْ قَوْمًا تَجْهَلُونَ,0.812
,,,,وَ لَقَدِ اخْتَرْنَاهُمْ عَلَىٰ عِلْمٍ عَلَى الْعَالَمِينَ,0.758,أُولَئِكَ الَّذِينَ هَدَى اللَّهُ فَبِهُدَاهُمُ اقْتَدِهْ قُلْ لَا أَسْأَلُكُمْ عَلَيْهِ أَجْرًا إِنْ هُوَ إِلَّا ذِكْرَىٰ لِلْعَالَمِينَ,0.759
,,,,قَالُوا أَ وَ لَمْ نَنْهَكَ عَنِ الْعَالَمِينَ,0.737,قُلْ مَا سَأَلْتُكُمْ مِنْ أَجْرٍ فَهُوَ لَكُمْ إِنْ أَجْرِيَ إِلَّا عَلَى اللَّهِ وَ هُوَ عَلَىٰ كُلِّ شَيْءٍ شَهِيدٌ,0.737
"q4 = ""سراط مستقیم""",1,"q4 = ""سراط مستقيم صراط""",1,,,,
,,,,عَلَىٰ صِرَاطٍ مُسْتَقِيمٍ,0.915,عَلَىٰ صِرَاطٍ مُسْتَقِيمٍ,0.975
,,,,قَالَ هَذَا صِرَاطٌ عَلَيَّ مُسْتَقِيمٌ,0.907,قَالَ هَذَا صِرَاطٌ عَلَيَّ مُسْتَقِيمٌ,0.959
,,,,وَ لَهَدَيْنَاهُمْ صِرَاطًا مُسْتَقِيمًا,0.905,وَ لَهَدَيْنَاهُمْ صِرَاطًا مُسْتَقِيمًا,0.929
,,,,اهْدِنَا الصِّرَاطَ الْمُسْتَقِيمَ,0.905,وَ هَدَيْنَاهُمَا الصِّرَاطَ الْمُسْتَقِيمَ,0.929
,,,,وَ هَدَيْنَاهُمَا الصِّرَاطَ الْمُسْتَقِيمَ,0.905,اهْدِنَا الصِّرَاطَ الْمُسْتَقِيمَ,0.929
,,,,وَ أَنِ اعْبُدُونِي هَذَا صِرَاطٌ مُسْتَقِيمٌ,0.89,وَ أَنِ اعْبُدُونِي هَذَا صِرَاطٌ مُسْتَقِيمٌ,0.916
,,,,وَ إِنَّكَ لَتَدْعُوهُمْ إِلَىٰ صِرَاطٍ مُسْتَقِيمٍ,0.879,وَ إِنَّكَ لَتَدْعُوهُمْ إِلَىٰ صِرَاطٍ مُسْتَقِيمٍ,0.898
,,,,وَ إِنَّ اللَّهَ رَبِّي وَ رَبُّكُمْ فَاعْبُدُوهُ هَذَا صِرَاطٌ مُسْتَقِيمٌ,0.866,إِنَّ اللَّهَ رَبِّي وَ رَبُّكُمْ فَاعْبُدُوهُ هَذَا صِرَاطٌ مُسْتَقِيمٌ,0.885
,,,,إِنَّ اللَّهَ رَبِّي وَ رَبُّكُمْ فَاعْبُدُوهُ هَذَا صِرَاطٌ مُسْتَقِيمٌ,0.866,وَ إِنَّ اللَّهَ رَبِّي وَ رَبُّكُمْ فَاعْبُدُوهُ هَذَا صِرَاطٌ مُسْتَقِيمٌ,0.885
,,,,إِنَّ اللَّهَ هُوَ رَبِّي وَ رَبُّكُمْ فَاعْبُدُوهُ هَذَا صِرَاطٌ مُسْتَقِيمٌ,0.866,إِنَّ اللَّهَ هُوَ رَبِّي وَ رَبُّكُمْ فَاعْبُدُوهُ هَذَا صِرَاطٌ مُسْتَقِيمٌ,0.885
"q5 = ""الصراط المستقيم""",1,"q5 = ""الصراط المستقيم زنوا بالقسطاس""",0.33,,,,
,,,,اهْدِنَا الصِّرَاطَ الْمُسْتَقِيمَ,0.966,وَ زِنُوا بِالْقِسْطَاسِ الْمُسْتَقِيمِ,0.97
,,,,وَ هَدَيْنَاهُمَا الصِّرَاطَ الْمُسْتَقِيمَ,0.951,وَ أَوْفُوا الْكَيْلَ إِذَا كِلْتُمْ وَ زِنُوا بِالْقِسْطَاسِ الْمُسْتَقِيمِ ذَلِكَ خَيْرٌ وَ أَحْسَنُ تَأْوِيلًا,0.933
,,,,وَ زِنُوا بِالْقِسْطَاسِ الْمُسْتَقِيمِ,0.761,وَ هَدَيْنَاهُمَا الصِّرَاطَ الْمُسْتَقِيمَ,0.895
,,,,قَالَ فَبِمَا أَغْوَيْتَنِي لَأَقْعُدَنَّ لَهُمْ صِرَاطَكَ الْمُسْتَقِيمَ,0.759,اهْدِنَا الصِّرَاطَ الْمُسْتَقِيمَ,0.874
,,,,وَ إِنَّ الَّذِينَ لَا يُؤْمِنُونَ بِالْآخِرَةِ عَنِ الصِّرَاطِ لَنَاكِبُونَ,0.755,أَوْفُوا الْكَيْلَ وَ لَا تَكُونُوا مِنَ الْمُخْسِرِينَ,0.697
,,,,وَ لَوْ نَشَاءُ لَطَمَسْنَا عَلَىٰ أَعْيُنِهِمْ فَاسْتَبَقُوا الصِّرَاطَ فَأَنَّىٰ يُبْصِرُونَ,0.722,شَاكِرًا لِأَنْعُمِهِ اجْتَبَاهُ وَ هَدَاهُ إِلَىٰ صِرَاطٍ مُسْتَقِيمٍ,0.692
,,,,وَ أَوْفُوا الْكَيْلَ إِذَا كِلْتُمْ وَ زِنُوا بِالْقِسْطَاسِ الْمُسْتَقِيمِ ذَلِكَ خَيْرٌ وَ أَحْسَنُ تَأْوِيلًا,0.699,أَلْهَاكُمُ التَّكَاثُرُ,0.69
,,,,قُلْ كُلٌّ مُتَرَبِّصٌ فَتَرَبَّصُوا فَسَتَعْلَمُونَ مَنْ أَصْحَابُ الصِّرَاطِ السَّوِيِّ وَ مَنِ اهْتَدَىٰ,0.684,وَ إِذَا كَالُوهُمْ أَوْ وَزَنُوهُمْ يُخْسِرُونَ,0.687
,,,,شَاكِرًا لِأَنْعُمِهِ اجْتَبَاهُ وَ هَدَاهُ إِلَىٰ صِرَاطٍ مُسْتَقِيمٍ,0.662,وَ لَا تَقْرَبُوا مَالَ الْيَتِيمِ إِلَّا بِالَّتِي هِيَ أَحْسَنُ حَتَّىٰ يَبْلُغَ أَشُدَّهُ وَ أَوْفُوا الْكَيْلَ وَ الْمِيزَانَ بِالْقِسْطِ لَا نُكَلِّفُ نَفْسًا إِلَّا وُسْعَهَا وَ إِذَا قُلْتُمْ فَاعْدِلُوا وَ لَوْ كَانَ ذَا قُرْبَىٰ وَ بِعَهْدِ اللَّهِ أَوْفُوا ذَلِكُمْ وَصَّاكُمْ بِهِ لَعَلَّكُمْ تَذَكَّرُونَ,0.683
,,,,وَ إِنَّكَ لَتَدْعُوهُمْ إِلَىٰ صِرَاطٍ مُسْتَقِيمٍ,0.651,قَالَ فَبِمَا أَغْوَيْتَنِي لَأَقْعُدَنَّ لَهُمْ صِرَاطَكَ الْمُسْتَقِيمَ,0.68
"q6 = ""صراط مستقيم""",1,"q6 = ""صراط مستقيم ربي هذا""",1,,,,
,,,,عَلَىٰ صِرَاطٍ مُسْتَقِيمٍ,0.998,قَالَ هَذَا صِرَاطٌ عَلَيَّ مُسْتَقِيمٌ,0.967
,,,,قَالَ هَذَا صِرَاطٌ عَلَيَّ مُسْتَقِيمٌ,0.978,عَلَىٰ صِرَاطٍ مُسْتَقِيمٍ,0.953
,,,,اهْدِنَا الصِّرَاطَ الْمُسْتَقِيمَ,0.945,وَ أَنِ اعْبُدُونِي هَذَا صِرَاطٌ مُسْتَقِيمٌ,0.925
,,,,وَ هَدَيْنَاهُمَا الصِّرَاطَ الْمُسْتَقِيمَ,0.945,إِنَّ اللَّهَ هُوَ رَبِّي وَ رَبُّكُمْ فَاعْبُدُوهُ هَذَا صِرَاطٌ مُسْتَقِيمٌ,0.908
,,,,وَ لَهَدَيْنَاهُمْ صِرَاطًا مُسْتَقِيمًا,0.945,وَ إِنَّ اللَّهَ رَبِّي وَ رَبُّكُمْ فَاعْبُدُوهُ هَذَا صِرَاطٌ مُسْتَقِيمٌ,0.908
,,,,وَ أَنِ اعْبُدُونِي هَذَا صِرَاطٌ مُسْتَقِيمٌ,0.93,إِنَّ اللَّهَ رَبِّي وَ رَبُّكُمْ فَاعْبُدُوهُ هَذَا صِرَاطٌ مُسْتَقِيمٌ,0.908
,,,,وَ إِنَّكَ لَتَدْعُوهُمْ إِلَىٰ صِرَاطٍ مُسْتَقِيمٍ,0.918,اهْدِنَا الصِّرَاطَ الْمُسْتَقِيمَ,0.906
,,,,وَ إِنَّ اللَّهَ رَبِّي وَ رَبُّكُمْ فَاعْبُدُوهُ هَذَا صِرَاطٌ مُسْتَقِيمٌ,0.893,وَ لَهَدَيْنَاهُمْ صِرَاطًا مُسْتَقِيمًا,0.906
,,,,إِنَّ اللَّهَ رَبِّي وَ رَبُّكُمْ فَاعْبُدُوهُ هَذَا صِرَاطٌ مُسْتَقِيمٌ,0.893,وَ هَدَيْنَاهُمَا الصِّرَاطَ الْمُسْتَقِيمَ,0.906
,,,,إِنَّ اللَّهَ هُوَ رَبِّي وَ رَبُّكُمْ فَاعْبُدُوهُ هَذَا صِرَاطٌ مُسْتَقِيمٌ,0.893,وَ إِنَّكَ لَتَدْعُوهُمْ إِلَىٰ صِرَاطٍ مُسْتَقِيمٍ,0.891
"q7 = ""ارض شمس""",1,"q7 = ""ارض شمس الشمس القمر""",1,,,,
,,,,وَ جُمِعَ الشَّمْسُ وَ الْقَمَرُ,0.926,وَ جُمِعَ الشَّمْسُ وَ الْقَمَرُ,0.963
,,,,الشَّمْسُ وَ الْقَمَرُ بِحُسْبَانٍ,0.918,الشَّمْسُ وَ الْقَمَرُ بِحُسْبَانٍ,0.948
,,,,وَ مِنْ آيَاتِهِ اللَّيْلُ وَ النَّهَارُ وَ الشَّمْسُ وَ الْقَمَرُ لَا تَسْجُدُوا لِلشَّمْسِ وَ لَا لِلْقَمَرِ وَ اسْجُدُوا لِلَّهِ الَّذِي خَلَقَهُنَّ إِنْ كُنْتُمْ إِيَّاهُ تَعْبُدُونَ,0.882,كَلَّا وَ الْقَمَرِ,0.906
,,,,وَ هُوَ الَّذِي خَلَقَ اللَّيْلَ وَ النَّهَارَ وَ الشَّمْسَ وَ الْقَمَرَ كُلٌّ فِي فَلَكٍ يَسْبَحُونَ,0.857,وَ مِنْ آيَاتِهِ اللَّيْلُ وَ النَّهَارُ وَ الشَّمْسُ وَ الْقَمَرُ لَا تَسْجُدُوا لِلشَّمْسِ وَ لَا لِلْقَمَرِ وَ اسْجُدُوا لِلَّهِ الَّذِي خَلَقَهُنَّ إِنْ كُنْتُمْ إِيَّاهُ تَعْبُدُونَ,0.878
,,,,وَ لَئِنْ سَأَلْتَهُمْ مَنْ خَلَقَ السَّمَاوَاتِ وَ الْأَرْضَ وَ سَخَّرَ الشَّمْسَ وَ الْقَمَرَ لَيَقُولُنَّ اللَّهُ فَأَنَّىٰ يُؤْفَكُونَ,0.837,وَ هُوَ الَّذِي خَلَقَ اللَّيْلَ وَ النَّهَارَ وَ الشَّمْسَ وَ الْقَمَرَ كُلٌّ فِي فَلَكٍ يَسْبَحُونَ,0.854
,,,,كَلَّا وَ الْقَمَرِ,0.828,وَ الْقَمَرِ إِذَا اتَّسَقَ,0.846
,,,,إِذَا الشَّمْسُ كُوِّرَتْ,0.813,وَ لَئِنْ سَأَلْتَهُمْ مَنْ خَلَقَ السَّمَاوَاتِ وَ الْأَرْضَ وَ سَخَّرَ الشَّمْسَ وَ الْقَمَرَ لَيَقُولُنَّ اللَّهُ فَأَنَّىٰ يُؤْفَكُونَ,0.82
,,,,وَ سَخَّرَ لَكُمُ الشَّمْسَ وَ الْقَمَرَ دَائِبَيْنِ وَ سَخَّرَ لَكُمُ اللَّيْلَ وَ النَّهَارَ,0.806,وَ سَخَّرَ لَكُمُ الشَّمْسَ وَ الْقَمَرَ دَائِبَيْنِ وَ سَخَّرَ لَكُمُ اللَّيْلَ وَ النَّهَارَ,0.817
,,,,وَ جَعَلَ الْقَمَرَ فِيهِنَّ نُورًا وَ جَعَلَ الشَّمْسَ سِرَاجًا,0.793,وَ جَعَلَ الْقَمَرَ فِيهِنَّ نُورًا وَ جَعَلَ الشَّمْسَ سِرَاجًا,0.814
,,,,لَا الشَّمْسُ يَنْبَغِي لَهَا أَنْ تُدْرِكَ الْقَمَرَ وَ لَا اللَّيْلُ سَابِقُ النَّهَارِ وَ كُلٌّ فِي فَلَكٍ يَسْبَحُونَ,0.762,إِذَا الشَّمْسُ كُوِّرَتْ,0.796
"q8 = ""نبی رسول""",1,"q8 = ""نبي رسول امين نبيا""",1,,,,
,,,,يَا أَيُّهَا النَّبِيُّ حَسْبُكَ اللَّهُ وَ مَنِ اتَّبَعَكَ مِنَ الْمُؤْمِنِينَ,0.784,إِنِّي لَكُمْ رَسُولٌ أَمِينٌ,0.787
,,,,وَ كَمْ أَرْسَلْنَا مِنْ نَبِيٍّ فِي الْأَوَّلِينَ,0.728,إِنِّي لَكُمْ رَسُولٌ أَمِينٌ,0.787
,,,,قَالَ إِنِّي عَبْدُ اللَّهِ آتَانِيَ الْكِتَابَ وَ جَعَلَنِي نَبِيًّا,0.719,إِنِّي لَكُمْ رَسُولٌ أَمِينٌ,0.787
,,,,إِنَّ أَوْلَى النَّاسِ بِإِبْرَاهِيمَ لَلَّذِينَ اتَّبَعُوهُ وَ هَذَا النَّبِيُّ وَ الَّذِينَ آمَنُوا وَ اللَّهُ وَلِيُّ الْمُؤْمِنِينَ,0.692,إِنِّي لَكُمْ رَسُولٌ أَمِينٌ,0.787
,,,,وَ مَا يَأْتِيهِمْ مِنْ نَبِيٍّ إِلَّا كَانُوا بِهِ يَسْتَهْزِءُونَ,0.692,إِنِّي لَكُمْ رَسُولٌ أَمِينٌ,0.787
,,,,وَ اذْكُرْ فِي الْكِتَابِ مُوسَىٰ إِنَّهُ كَانَ مُخْلَصًا وَ كَانَ رَسُولًا نَبِيًّا,0.686,أَنْ أَدُّوا إِلَيَّ عِبَادَ اللَّهِ إِنِّي لَكُمْ رَسُولٌ أَمِينٌ,0.775
,,,,وَ إِذَا قِيلَ لَهُمْ آمِنُوا بِمَا أَنْزَلَ اللَّهُ قَالُوا نُؤْمِنُ بِمَا أُنْزِلَ عَلَيْنَا وَ يَكْفُرُونَ بِمَا وَرَاءَهُ وَ هُوَ الْحَقُّ مُصَدِّقًا لِمَا مَعَهُمْ قُلْ فَلِمَ تَقْتُلُونَ أَنْبِيَاءَ اللَّهِ مِنْ قَبْلُ إِنْ كُنْتُمْ مُؤْمِنِينَ,0.677,وَ بَشَّرْنَاهُ بِإِسْحَاقَ نَبِيًّا مِنَ الصَّالِحِينَ,0.774
,,,,وَ اذْكُرْ فِي الْكِتَابِ إِسْمَاعِيلَ إِنَّهُ كَانَ صَادِقَ الْوَعْدِ وَ كَانَ رَسُولًا نَبِيًّا,0.676,وَ اذْكُرْ فِي الْكِتَابِ إِبْرَاهِيمَ إِنَّهُ كَانَ صِدِّيقًا نَبِيًّا,0.732
,,,,وَ اذْكُرْ فِي الْكِتَابِ إِبْرَاهِيمَ إِنَّهُ كَانَ صِدِّيقًا نَبِيًّا,0.661,وَ اذْكُرْ فِي الْكِتَابِ مُوسَىٰ إِنَّهُ كَانَ مُخْلَصًا وَ كَانَ رَسُولًا نَبِيًّا,0.731
,,,,وَ لَوْ كَانُوا يُؤْمِنُونَ بِاللَّهِ وَ النَّبِيِّ وَ مَا أُنْزِلَ إِلَيْهِ مَا اتَّخَذُوهُمْ أَوْلِيَاءَ وَ لَكِنَّ كَثِيرًا مِنْهُمْ فَاسِقُونَ,0.661,فَلَمَّا اعْتَزَلَهُمْ وَ مَا يَعْبُدُونَ مِنْ دُونِ اللَّهِ وَهَبْنَا لَهُ إِسْحَاقَ وَ يَعْقُوبَ وَ كُلًّا جَعَلْنَا نَبِيًّا,0.73
"q9 = ""شیطان رجیم""",1,"q9 = ""شيطان رجيم من فاخرج""",1,,,,
,,,,وَ حَفِظْنَاهَا مِنْ كُلِّ شَيْطَانٍ رَجِيمٍ,0.947,قَالَ فَاخْرُجْ مِنْهَا فَإِنَّكَ رَجِيمٌ,0.902
,,,,وَ مَا هُوَ بِقَوْلِ شَيْطَانٍ رَجِيمٍ,0.926,قَالَ فَاخْرُجْ مِنْهَا فَإِنَّكَ رَجِيمٌ,0.902
,,,,قَالَ فَاخْرُجْ مِنْهَا فَإِنَّكَ رَجِيمٌ,0.881,وَ حَفِظْنَاهَا مِنْ كُلِّ شَيْطَانٍ رَجِيمٍ,0.902
,,,,قَالَ فَاخْرُجْ مِنْهَا فَإِنَّكَ رَجِيمٌ,0.881,وَ مَا هُوَ بِقَوْلِ شَيْطَانٍ رَجِيمٍ,0.854
,,,,فَإِذَا قَرَأْتَ الْقُرْآنَ فَاسْتَعِذْ بِاللَّهِ مِنَ الشَّيْطَانِ الرَّجِيمِ,0.822,فَإِذَا قَرَأْتَ الْقُرْآنَ فَاسْتَعِذْ بِاللَّهِ مِنَ الشَّيْطَانِ الرَّجِيمِ,0.781
,,,,وَ حِفْظًا مِنْ كُلِّ شَيْطَانٍ مَارِدٍ,0.757,قَالَ فَاهْبِطْ مِنْهَا فَمَا يَكُونُ لَكَ أَنْ تَتَكَبَّرَ فِيهَا فَاخْرُجْ إِنَّكَ مِنَ الصَّاغِرِينَ,0.713
,,,,فَلَمَّا وَضَعَتْهَا قَالَتْ رَبِّ إِنِّي وَضَعْتُهَا أُنْثَىٰ وَ اللَّهُ أَعْلَمُ بِمَا وَضَعَتْ وَ لَيْسَ الذَّكَرُ كَالْأُنْثَىٰ وَ إِنِّي سَمَّيْتُهَا مَرْيَمَ وَ إِنِّي أُعِيذُهَا بِكَ وَ ذُرِّيَّتَهَا مِنَ الشَّيْطَانِ الرَّجِيمِ,0.684,وَ حِفْظًا مِنْ كُلِّ شَيْطَانٍ مَارِدٍ,0.676
,,,,وَ الشَّيَاطِينَ كُلَّ بَنَّاءٍ وَ غَوَّاصٍ,0.657,وَ جَاءَ رَجُلٌ مِنْ أَقْصَى الْمَدِينَةِ يَسْعَىٰ قَالَ يَا مُوسَىٰ إِنَّ الْمَلَأَ يَأْتَمِرُونَ بِكَ لِيَقْتُلُوكَ فَاخْرُجْ إِنِّي لَكَ مِنَ النَّاصِحِينَ,0.665
,,,,وَ مَا أَرْسَلْنَا مِنْ قَبْلِكَ مِنْ رَسُولٍ وَ لَا نَبِيٍّ إِلَّا إِذَا تَمَنَّىٰ أَلْقَى الشَّيْطَانُ فِي أُمْنِيَّتِهِ فَيَنْسَخُ اللَّهُ مَا يُلْقِي الشَّيْطَانُ ثُمَّ يُحْكِمُ اللَّهُ آيَاتِهِ وَ اللَّهُ عَلِيمٌ حَكِيمٌ,0.649,فَلَمَّا وَضَعَتْهَا قَالَتْ رَبِّ إِنِّي وَضَعْتُهَا أُنْثَىٰ وَ اللَّهُ أَعْلَمُ بِمَا وَضَعَتْ وَ لَيْسَ الذَّكَرُ كَالْأُنْثَىٰ وَ إِنِّي سَمَّيْتُهَا مَرْيَمَ وَ إِنِّي أُعِيذُهَا بِكَ وَ ذُرِّيَّتَهَا مِنَ الشَّيْطَانِ الرَّجِيمِ,0.66
,,,,يَا أَبَتِ لَا تَعْبُدِ الشَّيْطَانَ إِنَّ الشَّيْطَانَ كَانَ لِلرَّحْمَنِ عَصِيًّا,0.644,قَالَ فَإِنَّكَ مِنَ الْمُنْظَرِينَ,0.629
"q10 = ""جنات تجری الانهار""",1,"q10 = ""جنات تجري الانهار تحتها فيها خالدين""",1,,,,
,,,,أَعَدَّ اللَّهُ لَهُمْ جَنَّاتٍ تَجْرِي مِنْ تَحْتِهَا الْأَنْهَارُ خَالِدِينَ فِيهَا ذَلِكَ الْفَوْزُ الْعَظِيمُ,0.89,أَعَدَّ اللَّهُ لَهُمْ جَنَّاتٍ تَجْرِي مِنْ تَحْتِهَا الْأَنْهَارُ خَالِدِينَ فِيهَا ذَلِكَ الْفَوْزُ الْعَظِيمُ,0.935
,,,,فَأَثَابَهُمُ اللَّهُ بِمَا قَالُوا جَنَّاتٍ تَجْرِي مِنْ تَحْتِهَا الْأَنْهَارُ خَالِدِينَ فِيهَا وَ ذَلِكَ جَزَاءُ الْمُحْسِنِينَ,0.879,فَأَثَابَهُمُ اللَّهُ بِمَا قَالُوا جَنَّاتٍ تَجْرِي مِنْ تَحْتِهَا الْأَنْهَارُ خَالِدِينَ فِيهَا وَ ذَلِكَ جَزَاءُ الْمُحْسِنِينَ,0.93
,,,,إِنَّ الَّذِينَ آمَنُوا وَ عَمِلُوا الصَّالِحَاتِ لَهُمْ جَنَّاتٌ تَجْرِي مِنْ تَحْتِهَا الْأَنْهَارُ ذَلِكَ الْفَوْزُ الْكَبِيرُ,0.867,جَنَّاتُ عَدْنٍ تَجْرِي مِنْ تَحْتِهَا الْأَنْهَارُ خَالِدِينَ فِيهَا وَ ذَلِكَ جَزَاءُ مَنْ تَزَكَّىٰ,0.911
,,,,إِنَّ اللَّهَ يُدْخِلُ الَّذِينَ آمَنُوا وَ عَمِلُوا الصَّالِحَاتِ جَنَّاتٍ تَجْرِي مِنْ تَحْتِهَا الْأَنْهَارُ إِنَّ اللَّهَ يَفْعَلُ مَا يُرِيدُ,0.854,إِنَّ الَّذِينَ آمَنُوا وَ عَمِلُوا الصَّالِحَاتِ لَهُمْ جَنَّاتٌ تَجْرِي مِنْ تَحْتِهَا الْأَنْهَارُ ذَلِكَ الْفَوْزُ الْكَبِيرُ,0.878
,,,,جَنَّاتُ عَدْنٍ تَجْرِي مِنْ تَحْتِهَا الْأَنْهَارُ خَالِدِينَ فِيهَا وَ ذَلِكَ جَزَاءُ مَنْ تَزَكَّىٰ,0.853,وَ أُدْخِلَ الَّذِينَ آمَنُوا وَ عَمِلُوا الصَّالِحَاتِ جَنَّاتٍ تَجْرِي مِنْ تَحْتِهَا الْأَنْهَارُ خَالِدِينَ فِيهَا بِإِذْنِ رَبِّهِمْ تَحِيَّتُهُمْ فِيهَا سَلَامٌ,0.877
,,,,يَغْفِرْ لَكُمْ ذُنُوبَكُمْ وَ يُدْخِلْكُمْ جَنَّاتٍ تَجْرِي مِنْ تَحْتِهَا الْأَنْهَارُ وَ مَسَاكِنَ طَيِّبَةً فِي جَنَّاتِ عَدْنٍ ذَلِكَ الْفَوْزُ الْعَظِيمُ,0.829,لَكِنِ الَّذِينَ اتَّقَوْا رَبَّهُمْ لَهُمْ جَنَّاتٌ تَجْرِي مِنْ تَحْتِهَا الْأَنْهَارُ خَالِدِينَ فِيهَا نُزُلًا مِنْ عِنْدِ اللَّهِ وَ مَا عِنْدَ اللَّهِ خَيْرٌ لِلْأَبْرَارِ,0.87
,,,,وَ أُدْخِلَ الَّذِينَ آمَنُوا وَ عَمِلُوا الصَّالِحَاتِ جَنَّاتٍ تَجْرِي مِنْ تَحْتِهَا الْأَنْهَارُ خَالِدِينَ فِيهَا بِإِذْنِ رَبِّهِمْ تَحِيَّتُهُمْ فِيهَا سَلَامٌ,0.818,أُولَئِكَ جَزَاؤُهُمْ مَغْفِرَةٌ مِنْ رَبِّهِمْ وَ جَنَّاتٌ تَجْرِي مِنْ تَحْتِهَا الْأَنْهَارُ خَالِدِينَ فِيهَا وَ نِعْمَ أَجْرُ الْعَامِلِينَ,0.868
,,,,لَكِنِ الَّذِينَ اتَّقَوْا رَبَّهُمْ لَهُمْ جَنَّاتٌ تَجْرِي مِنْ تَحْتِهَا الْأَنْهَارُ خَالِدِينَ فِيهَا نُزُلًا مِنْ عِنْدِ اللَّهِ وَ مَا عِنْدَ اللَّهِ خَيْرٌ لِلْأَبْرَارِ,0.816,وَعَدَ اللَّهُ الْمُؤْمِنِينَ وَ الْمُؤْمِنَاتِ جَنَّاتٍ تَجْرِي مِنْ تَحْتِهَا الْأَنْهَارُ خَالِدِينَ فِيهَا وَ مَسَاكِنَ طَيِّبَةً فِي جَنَّاتِ عَدْنٍ وَ رِضْوَانٌ مِنَ اللَّهِ أَكْبَرُ ذَلِكَ هُوَ الْفَوْزُ الْعَظِيمُ,0.861
,,,,جَنَّاتُ عَدْنٍ يَدْخُلُونَهَا تَجْرِي مِنْ تَحْتِهَا الْأَنْهَارُ لَهُمْ فِيهَا مَا يَشَاءُونَ كَذَلِكَ يَجْزِي اللَّهُ الْمُتَّقِينَ,0.815,تِلْكَ حُدُودُ اللَّهِ وَ مَنْ يُطِعِ اللَّهَ وَ رَسُولَهُ يُدْخِلْهُ جَنَّاتٍ تَجْرِي مِنْ تَحْتِهَا الْأَنْهَارُ خَالِدِينَ فِيهَا وَ ذَلِكَ الْفَوْزُ الْعَظِيمُ,0.86
,,,,تِلْكَ حُدُودُ اللَّهِ وَ مَنْ يُطِعِ اللَّهَ وَ رَسُولَهُ يُدْخِلْهُ جَنَّاتٍ تَجْرِي مِنْ تَحْتِهَا الْأَنْهَارُ خَالِدِينَ فِيهَا وَ ذَلِكَ الْفَوْزُ الْعَظِيمُ,0.815,إِنَّ اللَّهَ يُدْخِلُ الَّذِينَ آمَنُوا وَ عَمِلُوا الصَّالِحَاتِ جَنَّاتٍ تَجْرِي مِنْ تَحْتِهَا الْأَنْهَارُ إِنَّ اللَّهَ يَفْعَلُ مَا يُرِيدُ,0.86
"q11 = ""یوم القیامه""",1,"q11 = ""يوم القيامه فيه انكم""",1,,,,
,,,,ثُمَّ إِنَّكُمْ يَوْمَ الْقِيَامَةِ تُبْعَثُونَ,0.694,ثُمَّ إِنَّكُمْ يَوْمَ الْقِيَامَةِ تُبْعَثُونَ,0.81
,,,,خَالِدِينَ فِيهِ وَ سَاءَ لَهُمْ يَوْمَ الْقِيَامَةِ حِمْلًا,0.671,ثُمَّ إِنَّكُمْ يَوْمَ الْقِيَامَةِ عِنْدَ رَبِّكُمْ تَخْتَصِمُونَ,0.714
,,,,إِنَّ رَبَّكَ هُوَ يَفْصِلُ بَيْنَهُمْ يَوْمَ الْقِيَامَةِ فِيمَا كَانُوا فِيهِ يَخْتَلِفُونَ,0.644,اللَّهُ يَحْكُمُ بَيْنَكُمْ يَوْمَ الْقِيَامَةِ فِيمَا كُنْتُمْ فِيهِ تَخْتَلِفُونَ,0.691
,,,,يُضَاعَفْ لَهُ الْعَذَابُ يَوْمَ الْقِيَامَةِ وَ يَخْلُدْ فِيهِ مُهَانًا,0.641,إِنَّ رَبَّكَ هُوَ يَفْصِلُ بَيْنَهُمْ يَوْمَ الْقِيَامَةِ فِيمَا كَانُوا فِيهِ يَخْتَلِفُونَ,0.669
,,,,اللَّهُ يَحْكُمُ بَيْنَكُمْ يَوْمَ الْقِيَامَةِ فِيمَا كُنْتُمْ فِيهِ تَخْتَلِفُونَ,0.639,ثُمَّ إِنَّكُمْ بَعْدَ ذَلِكَ لَمَيِّتُونَ,0.657
,,,,يَسْأَلُ أَيَّانَ يَوْمُ الْقِيَامَةِ,0.632,إِنَّمَا جُعِلَ السَّبْتُ عَلَى الَّذِينَ اخْتَلَفُوا فِيهِ وَ إِنَّ رَبَّكَ لَيَحْكُمُ بَيْنَهُمْ يَوْمَ الْقِيَامَةِ فِيمَا كَانُوا فِيهِ يَخْتَلِفُونَ,0.655
,,,,وَ كُلُّهُمْ آتِيهِ يَوْمَ الْقِيَامَةِ فَرْدًا,0.63,يَقْدُمُ قَوْمَهُ يَوْمَ الْقِيَامَةِ فَأَوْرَدَهُمُ النَّارَ وَ بِئْسَ الْوِرْدُ الْمَوْرُودُ,0.647
,,,,اللَّهُ لَا إِلَهَ إِلَّا هُوَ لَيَجْمَعَنَّكُمْ إِلَىٰ يَوْمِ الْقِيَامَةِ لَا رَيْبَ فِيهِ وَ مَنْ أَصْدَقُ مِنَ اللَّهِ حَدِيثًا,0.614,وَ نَادَوْا يَا مَالِكُ لِيَقْضِ عَلَيْنَا رَبُّكَ قَالَ إِنَّكُمْ مَاكِثُونَ,0.647
,,,,وَ أَتْبَعْنَاهُمْ فِي هَذِهِ الدُّنْيَا لَعْنَةً وَ يَوْمَ الْقِيَامَةِ هُمْ مِنَ الْمَقْبُوحِينَ,0.613,إِنَّا كَاشِفُو الْعَذَابِ قَلِيلًا إِنَّكُمْ عَائِدُونَ,0.643
,,,,إِنَّمَا جُعِلَ السَّبْتُ عَلَى الَّذِينَ اخْتَلَفُوا فِيهِ وَ إِنَّ رَبَّكَ لَيَحْكُمُ بَيْنَهُمْ يَوْمَ الْقِيَامَةِ فِيمَا كَانُوا فِيهِ يَخْتَلِفُونَ,0.611,يُضَاعَفْ لَهُ الْعَذَابُ يَوْمَ الْقِيَامَةِ وَ يَخْلُدْ فِيهِ مُهَانًا,0.641
"q12 = ""امر معروف نهی منکر""",1,"q12 = ""امر معروف نهي منكر المنكر بالمعروف عن ينهون""",1,,,,
,,,,يَا بُنَيَّ أَقِمِ الصَّلَاةَ وَ أْمُرْ بِالْمَعْرُوفِ وَ انْهَ عَنِ الْمُنْكَرِ وَ اصْبِرْ عَلَىٰ مَا أَصَابَكَ إِنَّ ذَلِكَ مِنْ عَزْمِ الْأُمُورِ,0.866,يُؤْمِنُونَ بِاللَّهِ وَ الْيَوْمِ الْآخِرِ وَ يَأْمُرُونَ بِالْمَعْرُوفِ وَ يَنْهَوْنَ عَنِ الْمُنْكَرِ وَ يُسَارِعُونَ فِي الْخَيْرَاتِ وَ أُولَئِكَ مِنَ الصَّالِحِينَ,0.843
,,,,وَ لْتَكُنْ مِنْكُمْ أُمَّةٌ يَدْعُونَ إِلَى الْخَيْرِ وَ يَأْمُرُونَ بِالْمَعْرُوفِ وَ يَنْهَوْنَ عَنِ الْمُنْكَرِ وَ أُولَئِكَ هُمُ الْمُفْلِحُونَ,0.859,وَ لْتَكُنْ مِنْكُمْ أُمَّةٌ يَدْعُونَ إِلَى الْخَيْرِ وَ يَأْمُرُونَ بِالْمَعْرُوفِ وَ يَنْهَوْنَ عَنِ الْمُنْكَرِ وَ أُولَئِكَ هُمُ الْمُفْلِحُونَ,0.824
,,,,قَالَ إِنَّكُمْ قَوْمٌ مُنْكَرُونَ,0.827,وَ الْمُؤْمِنُونَ وَ الْمُؤْمِنَاتُ بَعْضُهُمْ أَوْلِيَاءُ بَعْضٍ يَأْمُرُونَ بِالْمَعْرُوفِ وَ يَنْهَوْنَ عَنِ الْمُنْكَرِ وَ يُقِيمُونَ الصَّلَاةَ وَ يُؤْتُونَ الزَّكَاةَ وَ يُطِيعُونَ اللَّهَ وَ رَسُولَهُ أُولَئِكَ سَيَرْحَمُهُمُ اللَّهُ إِنَّ اللَّهَ عَزِيزٌ حَكِيمٌ,0.802
,,,,كُنْتُمْ خَيْرَ أُمَّةٍ أُخْرِجَتْ لِلنَّاسِ تَأْمُرُونَ بِالْمَعْرُوفِ وَ تَنْهَوْنَ عَنِ الْمُنْكَرِ وَ تُؤْمِنُونَ بِاللَّهِ وَ لَوْ آمَنَ أَهْلُ الْكِتَابِ لَكَانَ خَيْرًا لَهُمْ مِنْهُمُ الْمُؤْمِنُونَ وَ أَكْثَرُهُمُ الْفَاسِقُونَ,0.824,يَا بُنَيَّ أَقِمِ الصَّلَاةَ وَ أْمُرْ بِالْمَعْرُوفِ وَ انْهَ عَنِ الْمُنْكَرِ وَ اصْبِرْ عَلَىٰ مَا أَصَابَكَ إِنَّ ذَلِكَ مِنْ عَزْمِ الْأُمُورِ,0.797
,,,,يُؤْمِنُونَ بِاللَّهِ وَ الْيَوْمِ الْآخِرِ وَ يَأْمُرُونَ بِالْمَعْرُوفِ وَ يَنْهَوْنَ عَنِ الْمُنْكَرِ وَ يُسَارِعُونَ فِي الْخَيْرَاتِ وَ أُولَئِكَ مِنَ الصَّالِحِينَ,0.805,التَّائِبُونَ الْعَابِدُونَ الْحَامِدُونَ السَّائِحُونَ الرَّاكِعُونَ السَّاجِدُونَ الْآمِرُونَ بِالْمَعْرُوفِ وَ النَّاهُونَ عَنِ الْمُنْكَرِ وَ الْحَافِظُونَ لِحُدُودِ اللَّهِ وَ بَشِّرِ الْمُؤْمِنِينَ,0.774
,,,,الْمُنَافِقُونَ وَ الْمُنَافِقَاتُ بَعْضُهُمْ مِنْ بَعْضٍ يَأْمُرُونَ بِالْمُنْكَرِ وَ يَنْهَوْنَ عَنِ الْمَعْرُوفِ وَ يَقْبِضُونَ أَيْدِيَهُمْ نَسُوا اللَّهَ فَنَسِيَهُمْ إِنَّ الْمُنَافِقِينَ هُمُ الْفَاسِقُونَ,0.77,الْمُنَافِقُونَ وَ الْمُنَافِقَاتُ بَعْضُهُمْ مِنْ بَعْضٍ يَأْمُرُونَ بِالْمُنْكَرِ وَ يَنْهَوْنَ عَنِ الْمَعْرُوفِ وَ يَقْبِضُونَ أَيْدِيَهُمْ نَسُوا اللَّهَ فَنَسِيَهُمْ إِنَّ الْمُنَافِقِينَ هُمُ الْفَاسِقُونَ,0.759
,,,,الَّذِينَ إِنْ مَكَّنَّاهُمْ فِي الْأَرْضِ أَقَامُوا الصَّلَاةَ وَ آتَوُا الزَّكَاةَ وَ أَمَرُوا بِالْمَعْرُوفِ وَ نَهَوْا عَنِ الْمُنْكَرِ وَ لِلَّهِ عَاقِبَةُ الْأُمُورِ,0.76,كُنْتُمْ خَيْرَ أُمَّةٍ أُخْرِجَتْ لِلنَّاسِ تَأْمُرُونَ بِالْمَعْرُوفِ وَ تَنْهَوْنَ عَنِ الْمُنْكَرِ وَ تُؤْمِنُونَ بِاللَّهِ وَ لَوْ آمَنَ أَهْلُ الْكِتَابِ لَكَانَ خَيْرًا لَهُمْ مِنْهُمُ الْمُؤْمِنُونَ وَ أَكْثَرُهُمُ الْفَاسِقُونَ,0.753
,,,,إِنَّ اللَّهَ يَأْمُرُ بِالْعَدْلِ وَ الْإِحْسَانِ وَ إِيتَاءِ ذِي الْقُرْبَىٰ وَ يَنْهَىٰ عَنِ الْفَحْشَاءِ وَ الْمُنْكَرِ وَ الْبَغْيِ يَعِظُكُمْ لَعَلَّكُمْ تَذَكَّرُونَ,0.758,أَمْ لَمْ يَعْرِفُوا رَسُولَهُمْ فَهُمْ لَهُ مُنْكِرُونَ,0.736
,,,,وَ الْمُؤْمِنُونَ وَ الْمُؤْمِنَاتُ بَعْضُهُمْ أَوْلِيَاءُ بَعْضٍ يَأْمُرُونَ بِالْمَعْرُوفِ وَ يَنْهَوْنَ عَنِ الْمُنْكَرِ وَ يُقِيمُونَ الصَّلَاةَ وَ يُؤْتُونَ الزَّكَاةَ وَ يُطِيعُونَ اللَّهَ وَ رَسُولَهُ أُولَئِكَ سَيَرْحَمُهُمُ اللَّهُ إِنَّ اللَّهَ عَزِيزٌ حَكِيمٌ,0.757,قَالَ إِنَّكُمْ قَوْمٌ مُنْكَرُونَ,0.731
,,,,التَّائِبُونَ الْعَابِدُونَ الْحَامِدُونَ السَّائِحُونَ الرَّاكِعُونَ السَّاجِدُونَ الْآمِرُونَ بِالْمَعْرُوفِ وَ النَّاهُونَ عَنِ الْمُنْكَرِ وَ الْحَافِظُونَ لِحُدُودِ اللَّهِ وَ بَشِّرِ الْمُؤْمِنِينَ,0.735,الَّذِينَ إِنْ مَكَّنَّاهُمْ فِي الْأَرْضِ أَقَامُوا الصَّلَاةَ وَ آتَوُا الزَّكَاةَ وَ أَمَرُوا بِالْمَعْرُوفِ وَ نَهَوْا عَنِ الْمُنْكَرِ وَ لِلَّهِ عَاقِبَةُ الْأُمُورِ,0.729
"q13 = ""اهل الکتاب فاسق""",1,"q13 = ""اهل الكتاب فاسق الفاسقون المبين فاسقين""",1,,,,
,,,,قُلْ يَا أَهْلَ الْكِتَابِ هَلْ تَنْقِمُونَ مِنَّا إِلَّا أَنْ آمَنَّا بِاللَّهِ وَ مَا أُنْزِلَ إِلَيْنَا وَ مَا أُنْزِلَ مِنْ قَبْلُ وَ أَنَّ أَكْثَرَكُمْ فَاسِقُونَ,0.776,فَاسْتَخَفَّ قَوْمَهُ فَأَطَاعُوهُ إِنَّهُمْ كَانُوا قَوْمًا فَاسِقِينَ,0.743
,,,,وَ لَقَدْ أَنْزَلْنَا إِلَيْكَ آيَاتٍ بَيِّنَاتٍ وَ مَا يَكْفُرُ بِهَا إِلَّا الْفَاسِقُونَ,0.755,وَ قَوْمَ نُوحٍ مِنْ قَبْلُ إِنَّهُمْ كَانُوا قَوْمًا فَاسِقِينَ,0.727
,,,,وَ قَوْمَ نُوحٍ مِنْ قَبْلُ إِنَّهُمْ كَانُوا قَوْمًا فَاسِقِينَ,0.716,قُلْ أَنْفِقُوا طَوْعًا أَوْ كَرْهًا لَنْ يُتَقَبَّلَ مِنْكُمْ إِنَّكُمْ كُنْتُمْ قَوْمًا فَاسِقِينَ,0.689
,,,,وَ لْيَحْكُمْ أَهْلُ الْإِنْجِيلِ بِمَا أَنْزَلَ اللَّهُ فِيهِ وَ مَنْ لَمْ يَحْكُمْ بِمَا أَنْزَلَ اللَّهُ فَأُولَئِكَ هُمُ الْفَاسِقُونَ,0.692,وَ لَقَدْ أَنْزَلْنَا إِلَيْكَ آيَاتٍ بَيِّنَاتٍ وَ مَا يَكْفُرُ بِهَا إِلَّا الْفَاسِقُونَ,0.683
,,,,قَالَ رَبِّ إِنِّي لَا أَمْلِكُ إِلَّا نَفْسِي وَ أَخِي فَافْرُقْ بَيْنَنَا وَ بَيْنَ الْقَوْمِ الْفَاسِقِينَ,0.679,اسْلُكْ يَدَكَ فِي جَيْبِكَ تَخْرُجْ بَيْضَاءَ مِنْ غَيْرِ سُوءٍ وَ اضْمُمْ إِلَيْكَ جَنَاحَكَ مِنَ الرَّهْبِ فَذَانِكَ بُرْهَانَانِ مِنْ رَبِّكَ إِلَىٰ فِرْعَوْنَ وَ مَلَئِهِ إِنَّهُمْ كَانُوا قَوْمًا فَاسِقِينَ,0.678
,,,,وَ لَوْ كَانُوا يُؤْمِنُونَ بِاللَّهِ وَ النَّبِيِّ وَ مَا أُنْزِلَ إِلَيْهِ مَا اتَّخَذُوهُمْ أَوْلِيَاءَ وَ لَكِنَّ كَثِيرًا مِنْهُمْ فَاسِقُونَ,0.665,فَمَنْ تَوَلَّىٰ بَعْدَ ذَلِكَ فَأُولَئِكَ هُمُ الْفَاسِقُونَ,0.666
,,,,يَا أَهْلَ الْكِتَابِ لِمَ تَكْفُرُونَ بِآيَاتِ اللَّهِ وَ أَنْتُمْ تَشْهَدُونَ,0.661,لَيْسُوا سَوَاءً مِنْ أَهْلِ الْكِتَابِ أُمَّةٌ قَائِمَةٌ يَتْلُونَ آيَاتِ اللَّهِ آنَاءَ اللَّيْلِ وَ هُمْ يَسْجُدُونَ,0.665
,,,,فَمَنْ تَوَلَّىٰ بَعْدَ ذَلِكَ فَأُولَئِكَ هُمُ الْفَاسِقُونَ,0.655,قُلْ يَا أَهْلَ الْكِتَابِ هَلْ تَنْقِمُونَ مِنَّا إِلَّا أَنْ آمَنَّا بِاللَّهِ وَ مَا أُنْزِلَ إِلَيْنَا وَ مَا أُنْزِلَ مِنْ قَبْلُ وَ أَنَّ أَكْثَرَكُمْ فَاسِقُونَ,0.662
,,,,كُنْتُمْ خَيْرَ أُمَّةٍ أُخْرِجَتْ لِلنَّاسِ تَأْمُرُونَ بِالْمَعْرُوفِ وَ تَنْهَوْنَ عَنِ الْمُنْكَرِ وَ تُؤْمِنُونَ بِاللَّهِ وَ لَوْ آمَنَ أَهْلُ الْكِتَابِ لَكَانَ خَيْرًا لَهُمْ مِنْهُمُ الْمُؤْمِنُونَ وَ أَكْثَرُهُمُ الْفَاسِقُونَ,0.652,تِلْكَ آيَاتُ الْكِتَابِ الْمُبِينِ,0.661
,,,,وَ لَقَدْ أَرْسَلْنَا نُوحًا وَ إِبْرَاهِيمَ وَ جَعَلْنَا فِي ذُرِّيَّتِهِمَا النُّبُوَّةَ وَ الْكِتَابَ فَمِنْهُمْ مُهْتَدٍ وَ كَثِيرٌ مِنْهُمْ فَاسِقُونَ,0.647,تِلْكَ آيَاتُ الْكِتَابِ الْمُبِينِ,0.661
"q14 = ""جزا اجر""",1,"q14 = ""جزا اجر اجري اسالكم""",1,,,,
,,,,جَزَاءً وِفَاقًا,0.757,وَ مَا أَسْأَلُكُمْ عَلَيْهِ مِنْ أَجْرٍ إِنْ أَجْرِيَ إِلَّا عَلَىٰ رَبِّ الْعَالَمِينَ,0.908
,,,,وَ جَعَلُوا لَهُ مِنْ عِبَادِهِ جُزْءًا إِنَّ الْإِنْسَانَ لَكَفُورٌ مُبِينٌ,0.756,وَ مَا أَسْأَلُكُمْ عَلَيْهِ مِنْ أَجْرٍ إِنْ أَجْرِيَ إِلَّا عَلَىٰ رَبِّ الْعَالَمِينَ,0.908
,,,,جَزَاءً بِمَا كَانُوا يَعْمَلُونَ,0.732,وَ مَا أَسْأَلُكُمْ عَلَيْهِ مِنْ أَجْرٍ إِنْ أَجْرِيَ إِلَّا عَلَىٰ رَبِّ الْعَالَمِينَ,0.908
,,,,لَهُمْ مَا يَشَاءُونَ عِنْدَ رَبِّهِمْ ذَلِكَ جَزَاءُ الْمُحْسِنِينَ,0.723,وَ مَا أَسْأَلُكُمْ عَلَيْهِ مِنْ أَجْرٍ إِنْ أَجْرِيَ إِلَّا عَلَىٰ رَبِّ الْعَالَمِينَ,0.908
,,,,تَجْرِي بِأَعْيُنِنَا جَزَاءً لِمَنْ كَانَ كُفِرَ,0.698,وَ مَا أَسْأَلُكُمْ عَلَيْهِ مِنْ أَجْرٍ إِنْ أَجْرِيَ إِلَّا عَلَىٰ رَبِّ الْعَالَمِينَ,0.908
,,,,ذَلِكَ جَزَاءُ أَعْدَاءِ اللَّهِ النَّارُ لَهُمْ فِيهَا دَارُ الْخُلْدِ جَزَاءً بِمَا كَانُوا بِآيَاتِنَا يَجْحَدُونَ,0.689,يَا قَوْمِ لَا أَسْأَلُكُمْ عَلَيْهِ أَجْرًا إِنْ أَجْرِيَ إِلَّا عَلَى الَّذِي فَطَرَنِي أَ فَلَا تَعْقِلُونَ,0.857
,,,,أُولَئِكَ أَصْحَابُ الْجَنَّةِ خَالِدِينَ فِيهَا جَزَاءً بِمَا كَانُوا يَعْمَلُونَ,0.67,قُلْ مَا أَسْأَلُكُمْ عَلَيْهِ مِنْ أَجْرٍ وَ مَا أَنَا مِنَ الْمُتَكَلِّفِينَ,0.828
,,,,إِنَّ هَذَا كَانَ لَكُمْ جَزَاءً وَ كَانَ سَعْيُكُمْ مَشْكُورًا,0.665,وَ يَا قَوْمِ لَا أَسْأَلُكُمْ عَلَيْهِ مَالًا إِنْ أَجْرِيَ إِلَّا عَلَى اللَّهِ وَ مَا أَنَا بِطَارِدِ الَّذِينَ آمَنُوا إِنَّهُمْ مُلَاقُو رَبِّهِمْ وَ لَكِنِّي أَرَاكُمْ قَوْمًا تَجْهَلُونَ,0.809
,,,,قَالَ اذْهَبْ فَمَنْ تَبِعَكَ مِنْهُمْ فَإِنَّ جَهَنَّمَ جَزَاؤُكُمْ جَزَاءً مَوْفُورًا,0.657,أُولَئِكَ الَّذِينَ هَدَى اللَّهُ فَبِهُدَاهُمُ اقْتَدِهْ قُلْ لَا أَسْأَلُكُمْ عَلَيْهِ أَجْرًا إِنْ هُوَ إِلَّا ذِكْرَىٰ لِلْعَالَمِينَ,0.772
,,,,هَلْ جَزَاءُ الْإِحْسَانِ إِلَّا الْإِحْسَانُ,0.641,قُلْ مَا سَأَلْتُكُمْ مِنْ أَجْرٍ فَهُوَ لَكُمْ إِنْ أَجْرِيَ إِلَّا عَلَى اللَّهِ وَ هُوَ عَلَىٰ كُلِّ شَيْءٍ شَهِيدٌ,0.761
"q15 = ""رسل بینات یهدی""",1,"q15 = ""رسل بينات يهدي امين المرسلين اني""",1,,,,
,,,,وَ كَذَلِكَ أَنْزَلْنَاهُ آيَاتٍ بَيِّنَاتٍ وَ أَنَّ اللَّهَ يَهْدِي مَنْ يُرِيدُ,0.843,وَ الْمُرْسَلَاتِ عُرْفًا,0.721
,,,,وَ لَقَدْ أَنْزَلْنَا إِلَيْكَ آيَاتٍ بَيِّنَاتٍ وَ مَا يَكْفُرُ بِهَا إِلَّا الْفَاسِقُونَ,0.736,وَ أَوْحَيْنَا إِلَىٰ أُمِّ مُوسَىٰ أَنْ أَرْضِعِيهِ فَإِذَا خِفْتِ عَلَيْهِ فَأَلْقِيهِ فِي الْيَمِّ وَ لَا تَخَافِي وَ لَا تَحْزَنِي إِنَّا رَادُّوهُ إِلَيْكِ وَ جَاعِلُوهُ مِنَ الْمُرْسَلِينَ,0.719
,,,,سُورَةٌ أَنْزَلْنَاهَا وَ فَرَضْنَاهَا وَ أَنْزَلْنَا فِيهَا آيَاتٍ بَيِّنَاتٍ لَعَلَّكُمْ تَذَكَّرُونَ,0.73,نَزَلَ بِهِ الرُّوحُ الْأَمِينُ,0.71
,,,,وَ إِذَا تُتْلَىٰ عَلَيْهِمْ آيَاتُنَا بَيِّنَاتٍ قَالَ الَّذِينَ كَفَرُوا لِلْحَقِّ لَمَّا جَاءَهُمْ هَذَا سِحْرٌ مُبِينٌ,0.72,إِنِّي لَكُمْ رَسُولٌ أَمِينٌ,0.708
,,,,بَلْ هُوَ آيَاتٌ بَيِّنَاتٌ فِي صُدُورِ الَّذِينَ أُوتُوا الْعِلْمَ وَ مَا يَجْحَدُ بِآيَاتِنَا إِلَّا الظَّالِمُونَ,0.702,إِنِّي لَكُمْ رَسُولٌ أَمِينٌ,0.708
,,,,لَقَدْ أَنْزَلْنَا آيَاتٍ مُبَيِّنَاتٍ وَ اللَّهُ يَهْدِي مَنْ يَشَاءُ إِلَىٰ صِرَاطٍ مُسْتَقِيمٍ,0.698,إِنِّي لَكُمْ رَسُولٌ أَمِينٌ,0.708
,,,,كَيْفَ يَهْدِي اللَّهُ قَوْمًا كَفَرُوا بَعْدَ إِيمَانِهِمْ وَ شَهِدُوا أَنَّ الرَّسُولَ حَقٌّ وَ جَاءَهُمُ الْبَيِّنَاتُ وَ اللَّهُ لَا يَهْدِي الْقَوْمَ الظَّالِمِينَ,0.695,إِنِّي لَكُمْ رَسُولٌ أَمِينٌ,0.708
,,,,إِنَّ الَّذِينَ يُحَادُّونَ اللَّهَ وَ رَسُولَهُ كُبِتُوا كَمَا كُبِتَ الَّذِينَ مِنْ قَبْلِهِمْ وَ قَدْ أَنْزَلْنَا آيَاتٍ بَيِّنَاتٍ وَ لِلْكَافِرِينَ عَذَابٌ مُهِينٌ,0.674,إِنِّي لَكُمْ رَسُولٌ أَمِينٌ,0.708
,,,,هُوَ الَّذِي يُنَزِّلُ عَلَىٰ عَبْدِهِ آيَاتٍ بَيِّنَاتٍ لِيُخْرِجَكُمْ مِنَ الظُّلُمَاتِ إِلَى النُّورِ وَ إِنَّ اللَّهَ بِكُمْ لَرَءُوفٌ رَحِيمٌ,0.665,أَنْ أَدُّوا إِلَيَّ عِبَادَ اللَّهِ إِنِّي لَكُمْ رَسُولٌ أَمِينٌ,0.708
,,,,قُلْ هَلْ مِنْ شُرَكَائِكُمْ مَنْ يَهْدِي إِلَى الْحَقِّ قُلِ اللَّهُ يَهْدِي لِلْحَقِّ أَ فَمَنْ يَهْدِي إِلَى الْحَقِّ أَحَقُّ أَنْ يُتَّبَعَ أَمَّنْ لَا يَهِدِّي إِلَّا أَنْ يُهْدَىٰ فَمَا لَكُمْ كَيْفَ تَحْكُمُونَ,0.66,قَالَ عِفْرِيتٌ مِنَ الْجِنِّ أَنَا آتِيكَ بِهِ قَبْلَ أَنْ تَقُومَ مِنْ مَقَامِكَ وَ إِنِّي عَلَيْهِ لَقَوِيٌّ أَمِينٌ,0.703
"q16 = ""یحیی و یمیت""",1,"q16 = ""يحيي و يميت له هو""",1,,,,
,,,,هُوَ يُحْيِي وَ يُمِيتُ وَ إِلَيْهِ تُرْجَعُونَ,0.903,هُوَ يُحْيِي وَ يُمِيتُ وَ إِلَيْهِ تُرْجَعُونَ,0.923
,,,,لَهُ مُلْكُ السَّمَاوَاتِ وَ الْأَرْضِ يُحْيِي وَ يُمِيتُ وَ هُوَ عَلَىٰ كُلِّ شَيْءٍ قَدِيرٌ,0.869,لَهُ مُلْكُ السَّمَاوَاتِ وَ الْأَرْضِ يُحْيِي وَ يُمِيتُ وَ هُوَ عَلَىٰ كُلِّ شَيْءٍ قَدِيرٌ,0.91
,,,,إِنَّ اللَّهَ لَهُ مُلْكُ السَّمَاوَاتِ وَ الْأَرْضِ يُحْيِي وَ يُمِيتُ وَ مَا لَكُمْ مِنْ دُونِ اللَّهِ مِنْ وَلِيٍّ وَ لَا نَصِيرٍ,0.833,إِنَّ اللَّهَ لَهُ مُلْكُ السَّمَاوَاتِ وَ الْأَرْضِ يُحْيِي وَ يُمِيتُ وَ مَا لَكُمْ مِنْ دُونِ اللَّهِ مِنْ وَلِيٍّ وَ لَا نَصِيرٍ,0.874
,,,,لَا إِلَهَ إِلَّا هُوَ يُحْيِي وَ يُمِيتُ رَبُّكُمْ وَ رَبُّ آبَائِكُمُ الْأَوَّلِينَ,0.831,لَا إِلَهَ إِلَّا هُوَ يُحْيِي وَ يُمِيتُ رَبُّكُمْ وَ رَبُّ آبَائِكُمُ الْأَوَّلِينَ,0.839
,,,,وَ هُوَ الَّذِي يُحْيِي وَ يُمِيتُ وَ لَهُ اخْتِلَافُ اللَّيْلِ وَ النَّهَارِ أَ فَلَا تَعْقِلُونَ,0.794,وَ هُوَ الَّذِي يُحْيِي وَ يُمِيتُ وَ لَهُ اخْتِلَافُ اللَّيْلِ وَ النَّهَارِ أَ فَلَا تَعْقِلُونَ,0.827
,,,,هُوَ الَّذِي يُحْيِي وَ يُمِيتُ فَإِذَا قَضَىٰ أَمْرًا فَإِنَّمَا يَقُولُ لَهُ كُنْ فَيَكُونُ,0.766,هُوَ الَّذِي يُحْيِي وَ يُمِيتُ فَإِذَا قَضَىٰ أَمْرًا فَإِنَّمَا يَقُولُ لَهُ كُنْ فَيَكُونُ,0.793
,,,,أَ لَمْ تَرَ إِلَى الَّذِي حَاجَّ إِبْرَاهِيمَ فِي رَبِّهِ أَنْ آتَاهُ اللَّهُ الْمُلْكَ إِذْ قَالَ إِبْرَاهِيمُ رَبِّيَ الَّذِي يُحْيِي وَ يُمِيتُ قَالَ أَنَا أُحْيِي وَ أُمِيتُ قَالَ إِبْرَاهِيمُ فَإِنَّ اللَّهَ يَأْتِي بِالشَّمْسِ مِنَ الْمَشْرِقِ فَأْتِ بِهَا مِنَ الْمَغْرِبِ فَبُهِتَ الَّذِي كَفَرَ وَ اللَّهُ لَا يَهْدِي الْقَوْمَ الظَّالِمِينَ,0.727,أَ لَمْ تَرَ إِلَى الَّذِي حَاجَّ إِبْرَاهِيمَ فِي رَبِّهِ أَنْ آتَاهُ اللَّهُ الْمُلْكَ إِذْ قَالَ إِبْرَاهِيمُ رَبِّيَ الَّذِي يُحْيِي وَ يُمِيتُ قَالَ أَنَا أُحْيِي وَ أُمِيتُ قَالَ إِبْرَاهِيمُ فَإِنَّ اللَّهَ يَأْتِي بِالشَّمْسِ مِنَ الْمَشْرِقِ فَأْتِ بِهَا مِنَ الْمَغْرِبِ فَبُهِتَ الَّذِي كَفَرَ وَ اللَّهُ لَا يَهْدِي الْقَوْمَ الظَّالِمِينَ,0.736
,,,,قُلْ يَا أَيُّهَا النَّاسُ إِنِّي رَسُولُ اللَّهِ إِلَيْكُمْ جَمِيعًا الَّذِي لَهُ مُلْكُ السَّمَاوَاتِ وَ الْأَرْضِ لَا إِلَهَ إِلَّا هُوَ يُحْيِي وَ يُمِيتُ فَآمِنُوا بِاللَّهِ وَ رَسُولِهِ النَّبِيِّ الْأُمِّيِّ الَّذِي يُؤْمِنُ بِاللَّهِ وَ كَلِمَاتِهِ وَ اتَّبِعُوهُ لَعَلَّكُمْ تَهْتَدُونَ,0.696,قُلْ يَا أَيُّهَا النَّاسُ إِنِّي رَسُولُ اللَّهِ إِلَيْكُمْ جَمِيعًا الَّذِي لَهُ مُلْكُ السَّمَاوَاتِ وَ الْأَرْضِ لَا إِلَهَ إِلَّا هُوَ يُحْيِي وَ يُمِيتُ فَآمِنُوا بِاللَّهِ وَ رَسُولِهِ النَّبِيِّ الْأُمِّيِّ الَّذِي يُؤْمِنُ بِاللَّهِ وَ كَلِمَاتِهِ وَ اتَّبِعُوهُ لَعَلَّكُمْ تَهْتَدُونَ,0.722
,,,,أَ لَيْسَ ذَلِكَ بِقَادِرٍ عَلَىٰ أَنْ يُحْيِيَ الْمَوْتَىٰ,0.684,ذَلِكَ بِأَنَّ اللَّهَ هُوَ الْحَقُّ وَ أَنَّهُ يُحْيِي الْمَوْتَىٰ وَ أَنَّهُ عَلَىٰ كُلِّ شَيْءٍ قَدِيرٌ,0.706
,,,,وَ الَّذِي يُمِيتُنِي ثُمَّ يُحْيِينِ,0.681,وَ الَّذِي يُمِيتُنِي ثُمَّ يُحْيِينِ,0.703
"q17 = ""زوج ازواج اثنا""",1,"q17 = ""زوج ازواج اثنا ازواجا ازواجهم ازواجكم""",1,,,,
,,,,وَ آخَرُ مِنْ شَكْلِهِ أَزْوَاجٌ,0.862,وَ إِنْ فَاتَكُمْ شَيْءٌ مِنْ أَزْوَاجِكُمْ إِلَى الْكُفَّارِ فَعَاقَبْتُمْ فَآتُوا الَّذِينَ ذَهَبَتْ أَزْوَاجُهُمْ مِثْلَ مَا أَنْفَقُوا وَ اتَّقُوا اللَّهَ الَّذِي أَنْتُمْ بِهِ مُؤْمِنُونَ,0.801
,,,,ثَمَانِيَةَ أَزْوَاجٍ مِنَ الضَّأْنِ اثْنَيْنِ وَ مِنَ الْمَعْزِ اثْنَيْنِ قُلْ آلذَّكَرَيْنِ حَرَّمَ أَمِ الْأُنْثَيَيْنِ أَمَّا اشْتَمَلَتْ عَلَيْهِ أَرْحَامُ الْأُنْثَيَيْنِ نَبِّئُونِي بِعِلْمٍ إِنْ كُنْتُمْ صَادِقِينَ,0.761,وَ آخَرُ مِنْ شَكْلِهِ أَزْوَاجٌ,0.789
,,,,وَ بَشِّرِ الَّذِينَ آمَنُوا وَ عَمِلُوا الصَّالِحَاتِ أَنَّ لَهُمْ جَنَّاتٍ تَجْرِي مِنْ تَحْتِهَا الْأَنْهَارُ كُلَّمَا رُزِقُوا مِنْهَا مِنْ ثَمَرَةٍ رِزْقًا قَالُوا هَذَا الَّذِي رُزِقْنَا مِنْ قَبْلُ وَ أُتُوا بِهِ مُتَشَابِهًا وَ لَهُمْ فِيهَا أَزْوَاجٌ مُطَهَّرَةٌ وَ هُمْ فِيهَا خَالِدُونَ,0.746,ادْخُلُوا الْجَنَّةَ أَنْتُمْ وَ أَزْوَاجُكُمْ تُحْبَرُونَ,0.738
,,,,وَ الَّذِينَ آمَنُوا وَ عَمِلُوا الصَّالِحَاتِ سَنُدْخِلُهُمْ جَنَّاتٍ تَجْرِي مِنْ تَحْتِهَا الْأَنْهَارُ خَالِدِينَ فِيهَا أَبَدًا لَهُمْ فِيهَا أَزْوَاجٌ مُطَهَّرَةٌ وَ نُدْخِلُهُمْ ظِلًّا ظَلِيلًا,0.743,وَ الَّذِينَ يُتَوَفَّوْنَ مِنْكُمْ وَ يَذَرُونَ أَزْوَاجًا وَصِيَّةً لِأَزْوَاجِهِمْ مَتَاعًا إِلَى الْحَوْلِ غَيْرَ إِخْرَاجٍ فَإِنْ خَرَجْنَ فَلَا جُنَاحَ عَلَيْكُمْ فِي مَا فَعَلْنَ فِي أَنْفُسِهِنَّ مِنْ مَعْرُوفٍ وَ اللَّهُ عَزِيزٌ حَكِيمٌ,0.734
,,,,لَا يَحِلُّ لَكَ النِّسَاءُ مِنْ بَعْدُ وَ لَا أَنْ تَبَدَّلَ بِهِنَّ مِنْ أَزْوَاجٍ وَ لَوْ أَعْجَبَكَ حُسْنُهُنَّ إِلَّا مَا مَلَكَتْ يَمِينُكَ وَ كَانَ اللَّهُ عَلَىٰ كُلِّ شَيْءٍ رَقِيبًا,0.723,ثَمَانِيَةَ أَزْوَاجٍ مِنَ الضَّأْنِ اثْنَيْنِ وَ مِنَ الْمَعْزِ اثْنَيْنِ قُلْ آلذَّكَرَيْنِ حَرَّمَ أَمِ الْأُنْثَيَيْنِ أَمَّا اشْتَمَلَتْ عَلَيْهِ أَرْحَامُ الْأُنْثَيَيْنِ نَبِّئُونِي بِعِلْمٍ إِنْ كُنْتُمْ صَادِقِينَ,0.734
,,,,حَتَّىٰ إِذَا جَاءَ أَمْرُنَا وَ فَارَ التَّنُّورُ قُلْنَا احْمِلْ فِيهَا مِنْ كُلٍّ زَوْجَيْنِ اثْنَيْنِ وَ أَهْلَكَ إِلَّا مَنْ سَبَقَ عَلَيْهِ الْقَوْلُ وَ مَنْ آمَنَ وَ مَا آمَنَ مَعَهُ إِلَّا قَلِيلٌ,0.714,احْشُرُوا الَّذِينَ ظَلَمُوا وَ أَزْوَاجَهُمْ وَ مَا كَانُوا يَعْبُدُونَ,0.727
,,,,وَ لَقَدْ أَخَذَ اللَّهُ مِيثَاقَ بَنِي إِسْرَائِيلَ وَ بَعَثْنَا مِنْهُمُ اثْنَيْ عَشَرَ نَقِيبًا وَ قَالَ اللَّهُ إِنِّي مَعَكُمْ لَئِنْ أَقَمْتُمُ الصَّلَاةَ وَ آتَيْتُمُ الزَّكَاةَ وَ آمَنْتُمْ بِرُسُلِي وَ عَزَّرْتُمُوهُمْ وَ أَقْرَضْتُمُ اللَّهَ قَرْضًا حَسَنًا لَأُكَفِّرَنَّ عَنْكُمْ سَيِّئَاتِكُمْ وَ لَاُدْخِلَنَّكُمْ جَنَّاتٍ تَجْرِي مِنْ تَحْتِهَا الْأَنْهَارُ فَمَنْ كَفَرَ بَعْدَ ذَلِكَ مِنْكُمْ فَقَدْ ضَلَّ سَوَاءَ السَّبِيلِ,0.706,وَ خَلَقْنَاكُمْ أَزْوَاجًا,0.722
,,,,وَ إِذْ تَقُولُ لِلَّذِي أَنْعَمَ اللَّهُ عَلَيْهِ وَ أَنْعَمْتَ عَلَيْهِ أَمْسِكْ عَلَيْكَ زَوْجَكَ وَ اتَّقِ اللَّهَ وَ تُخْفِي فِي نَفْسِكَ مَا اللَّهُ مُبْدِيهِ وَ تَخْشَى النَّاسَ وَ اللَّهُ أَحَقُّ أَنْ تَخْشَاهُ فَلَمَّا قَضَىٰ زَيْدٌ مِنْهَا وَطَرًا زَوَّجْنَاكَهَا لِكَيْ لَا يَكُونَ عَلَى الْمُؤْمِنِينَ حَرَجٌ فِي أَزْوَاجِ أَدْعِيَائِهِمْ إِذَا قَضَوْا مِنْهُنَّ وَطَرًا وَ كَانَ أَمْرُ اللَّهِ مَفْعُولًا,0.706,وَ اللَّهُ جَعَلَ لَكُمْ مِنْ أَنْفُسِكُمْ أَزْوَاجًا وَ جَعَلَ لَكُمْ مِنْ أَزْوَاجِكُمْ بَنِينَ وَ حَفَدَةً وَ رَزَقَكُمْ مِنَ الطَّيِّبَاتِ أَ فَبِالْبَاطِلِ يُؤْمِنُونَ وَ بِنِعْمَةِ اللَّهِ هُمْ يَكْفُرُونَ,0.721
,,,,خَلَقَكُمْ مِنْ نَفْسٍ وَاحِدَةٍ ثُمَّ جَعَلَ مِنْهَا زَوْجَهَا وَ أَنْزَلَ لَكُمْ مِنَ الْأَنْعَامِ ثَمَانِيَةَ أَزْوَاجٍ يَخْلُقُكُمْ فِي بُطُونِ أُمَّهَاتِكُمْ خَلْقًا مِنْ بَعْدِ خَلْقٍ فِي ظُلُمَاتٍ ثَلَاثٍ ذَلِكُمُ اللَّهُ رَبُّكُمْ لَهُ الْمُلْكُ لَا إِلَهَ إِلَّا هُوَ فَأَنَّىٰ تُصْرَفُونَ,0.705,عَسَىٰ رَبُّهُ إِنْ طَلَّقَكُنَّ أَنْ يُبْدِلَهُ أَزْوَاجًا خَيْرًا مِنْكُنَّ مُسْلِمَاتٍ مُؤْمِنَاتٍ قَانِتَاتٍ تَائِبَاتٍ عَابِدَاتٍ سَائِحَاتٍ ثَيِّبَاتٍ وَ أَبْكَارًا,0.72
,,,,وَ جَعَلْنَا فِيهَا رَوَاسِيَ شَامِخَاتٍ وَ أَسْقَيْنَاكُمْ مَاءً فُرَاتًا,0.699,وَ إِذَا النُّفُوسُ زُوِّجَتْ,0.72
"q18 = ""صبر صلاه تقوا""",1,"q18 = ""صبر صلاه تقوا صبرا صبروا""",1,,,,
,,,,يَا أَيُّهَا الَّذِينَ آمَنُوا لِيَسْتَأْذِنْكُمُ الَّذِينَ مَلَكَتْ أَيْمَانُكُمْ وَ الَّذِينَ لَمْ يَبْلُغُوا الْحُلُمَ مِنْكُمْ ثَلَاثَ مَرَّاتٍ مِنْ قَبْلِ صَلَاةِ الْفَجْرِ وَ حِينَ تَضَعُونَ ثِيَابَكُمْ مِنَ الظَّهِيرَةِ وَ مِنْ بَعْدِ صَلَاةِ الْعِشَاءِ ثَلَاثُ عَوْرَاتٍ لَكُمْ لَيْسَ عَلَيْكُمْ وَ لَا عَلَيْهِمْ جُنَاحٌ بَعْدَهُنَّ طَوَّافُونَ عَلَيْكُمْ بَعْضُكُمْ عَلَىٰ بَعْضٍ كَذَلِكَ يُبَيِّنُ اللَّهُ لَكُمُ الْآيَاتِ وَ اللَّهُ عَلِيمٌ حَكِيمٌ,0.923,وَ جَزَاهُمْ بِمَا صَبَرُوا جَنَّةً وَ حَرِيرًا,0.793
,,,,وَ ثِيَابَكَ فَطَهِّرْ,0.804,يَا أَيُّهَا الَّذِينَ آمَنُوا لِيَسْتَأْذِنْكُمُ الَّذِينَ مَلَكَتْ أَيْمَانُكُمْ وَ الَّذِينَ لَمْ يَبْلُغُوا الْحُلُمَ مِنْكُمْ ثَلَاثَ مَرَّاتٍ مِنْ قَبْلِ صَلَاةِ الْفَجْرِ وَ حِينَ تَضَعُونَ ثِيَابَكُمْ مِنَ الظَّهِيرَةِ وَ مِنْ بَعْدِ صَلَاةِ الْعِشَاءِ ثَلَاثُ عَوْرَاتٍ لَكُمْ لَيْسَ عَلَيْكُمْ وَ لَا عَلَيْهِمْ جُنَاحٌ بَعْدَهُنَّ طَوَّافُونَ عَلَيْكُمْ بَعْضُكُمْ عَلَىٰ بَعْضٍ كَذَلِكَ يُبَيِّنُ اللَّهُ لَكُمُ الْآيَاتِ وَ اللَّهُ عَلِيمٌ حَكِيمٌ,0.789
,,,,وَ إِذَا بَلَغَ الْأَطْفَالُ مِنْكُمُ الْحُلُمَ فَلْيَسْتَأْذِنُوا كَمَا اسْتَأْذَنَ الَّذِينَ مِنْ قَبْلِهِمْ كَذَلِكَ يُبَيِّنُ اللَّهُ لَكُمْ آيَاتِهِ وَ اللَّهُ عَلِيمٌ حَكِيمٌ,0.768,فَأَلْهَمَهَا فُجُورَهَا وَ تَقْوَاهَا,0.75
,,,,فَأَلْهَمَهَا فُجُورَهَا وَ تَقْوَاهَا,0.767,وَ إِمَّا تُعْرِضَنَّ عَنْهُمُ ابْتِغَاءَ رَحْمَةٍ مِنْ رَبِّكَ تَرْجُوهَا فَقُلْ لَهُمْ قَوْلًا مَيْسُورًا,0.742
,,,,لَتُبْلَوُنَّ فِي أَمْوَالِكُمْ وَ أَنْفُسِكُمْ وَ لَتَسْمَعُنَّ مِنَ الَّذِينَ أُوتُوا الْكِتَابَ مِنْ قَبْلِكُمْ وَ مِنَ الَّذِينَ أَشْرَكُوا أَذًى كَثِيرًا وَ إِنْ تَصْبِرُوا وَ تَتَّقُوا فَإِنَّ ذَلِكَ مِنْ عَزْمِ الْأُمُورِ,0.735,فَاصْبِرْ صَبْرًا جَمِيلًا,0.742
,,,,فَسُبْحَانَ اللَّهِ حِينَ تُمْسُونَ وَ حِينَ تُصْبِحُونَ,0.726,وَ اصْبِرْ عَلَىٰ مَا يَقُولُونَ وَ اهْجُرْهُمْ هَجْرًا جَمِيلًا,0.731
,,,,وَ أَنَّكَ لَا تَظْمَأُ فِيهَا وَ لَا تَضْحَىٰ,0.723,فَلَمَّا أَنْ جَاءَ الْبَشِيرُ أَلْقَاهُ عَلَىٰ وَجْهِهِ فَارْتَدَّ بَصِيرًا قَالَ أَ لَمْ أَقُلْ لَكُمْ إِنِّي أَعْلَمُ مِنَ اللَّهِ مَا لَا تَعْلَمُونَ,0.731
,,,,وَ حَسِبُوا أَلَّا تَكُونَ فِتْنَةٌ فَعَمُوا وَ صَمُّوا ثُمَّ تَابَ اللَّهُ عَلَيْهِمْ ثُمَّ عَمُوا وَ صَمُّوا كَثِيرٌ مِنْهُمْ وَ اللَّهُ بَصِيرٌ بِمَا يَعْمَلُونَ,0.722,وَ حَسِبُوا أَلَّا تَكُونَ فِتْنَةٌ فَعَمُوا وَ صَمُّوا ثُمَّ تَابَ اللَّهُ عَلَيْهِمْ ثُمَّ عَمُوا وَ صَمُّوا كَثِيرٌ مِنْهُمْ وَ اللَّهُ بَصِيرٌ بِمَا يَعْمَلُونَ,0.729
,,,,وَ لَكُمْ فِيهَا جَمَالٌ حِينَ تُرِيحُونَ وَ حِينَ تَسْرَحُونَ,0.72,مَا أَنْتُمْ عَلَيْهِ بِفَاتِنِينَ,0.728
,,,,لَيْسَ الْبِرَّ أَنْ تُوَلُّوا وُجُوهَكُمْ قِبَلَ الْمَشْرِقِ وَ الْمَغْرِبِ وَ لَكِنَّ الْبِرَّ مَنْ آمَنَ بِاللَّهِ وَ الْيَوْمِ الْآخِرِ وَ الْمَلَائِكَةِ وَ الْكِتَابِ وَ النَّبِيِّينَ وَ آتَى الْمَالَ عَلَىٰ حُبِّهِ ذَوِي الْقُرْبَىٰ وَ الْيَتَامَىٰ وَ الْمَسَاكِينَ وَ ابْنَ السَّبِيلِ وَ السَّائِلِينَ وَ فِي الرِّقَابِ وَ أَقَامَ الصَّلَاةَ وَ آتَى الزَّكَاةَ وَ الْمُوفُونَ بِعَهْدِهِمْ إِذَا عَاهَدُوا وَ الصَّابِرِينَ فِي الْبَأْسَاءِ وَ الضَّرَّاءِ وَ حِينَ الْبَأْسِ أُولَئِكَ الَّذِينَ صَدَقُوا وَ أُولَئِكَ هُمُ الْمُتَّقُونَ,0.718,فَالْمُغِيرَاتِ صُبْحًا,0.728
"q19 = ""نصر من الله""",0.33,"q19 = ""نصر من الله ينصرون انصرني كذبون""",1,,,,
,,,,مَا لَكُمْ لَا تَنَاصَرُونَ,0.945,قَالَ رَبِّ انْصُرْنِي بِمَا كَذَّبُونِ,0.905
,,,,إِنَّهُمْ لَهُمُ الْمَنْصُورُونَ,0.945,قَالَ رَبِّ انْصُرْنِي بِمَا كَذَّبُونِ,0.905
,,,,مِنْ دُونِ اللَّهِ هَلْ يَنْصُرُونَكُمْ أَوْ يَنْتَصِرُونَ,0.912,قَالَ رَبِّ إِنَّ قَوْمِي كَذَّبُونِ,0.818
,,,,وَ يَنْصُرَكَ اللَّهُ نَصْرًا عَزِيزًا,0.874,قَالَ رَبِّ انْصُرْنِي عَلَى الْقَوْمِ الْمُفْسِدِينَ,0.769
,,,,وَ لَا يَسْتَطِيعُونَ لَهُمْ نَصْرًا وَ لَا أَنْفُسَهُمْ يَنْصُرُونَ,0.815,فَأَيْنَ تَذْهَبُونَ,0.715
,,,,بَلِ اللَّهُ مَوْلَاكُمْ وَ هُوَ خَيْرُ النَّاصِرِينَ,0.789,وَ إِنَّا لَنَحْنُ الصَّافُّونَ,0.704
,,,,لَئِنْ أُخْرِجُوا لَا يَخْرُجُونَ مَعَهُمْ وَ لَئِنْ قُوتِلُوا لَا يَنْصُرُونَهُمْ وَ لَئِنْ نَصَرُوهُمْ لَيُوَلُّنَّ الْأَدْبَارَ ثُمَّ لَا يُنْصَرُونَ,0.787,قَالَ أَ رَاغِبٌ أَنْتَ عَنْ آلِهَتِي يَا إِبْرَاهِيمُ لَئِنْ لَمْ تَنْتَهِ لَأَرْجُمَنَّكَ وَ اهْجُرْنِي مَلِيًّا,0.698
,,,,قَالَ رَبِّ انْصُرْنِي بِمَا كَذَّبُونِ,0.779,وَ أَنْ لَوِ اسْتَقَامُوا عَلَى الطَّرِيقَةِ لَأَسْقَيْنَاهُمْ مَاءً غَدَقًا,0.696
,,,,قَالَ رَبِّ انْصُرْنِي بِمَا كَذَّبُونِ,0.779,ثُمَّ لْيَقْضُوا تَفَثَهُمْ وَ لْيُوفُوا نُذُورَهُمْ وَ لْيَطَّوَّفُوا بِالْبَيْتِ الْعَتِيقِ,0.695
,,,,وَ الَّذِينَ تَدْعُونَ مِنْ دُونِهِ لَا يَسْتَطِيعُونَ نَصْرَكُمْ وَ لَا أَنْفُسَهُمْ يَنْصُرُونَ,0.769,قَالَ اخْسَئُوا فِيهَا وَ لَا تُكَلِّمُونِ,0.691
"q20 = ""وسوس شیطان""",1,"q20 = ""وسوس شيطان من رجيم""",1,,,,
,,,,الَّذِي يُوَسْوِسُ فِي صُدُورِ النَّاسِ,0.808,وَ حَفِظْنَاهَا مِنْ كُلِّ شَيْطَانٍ رَجِيمٍ,0.877
,,,,فَوَسْوَسَ إِلَيْهِ الشَّيْطَانُ قَالَ يَا آدَمُ هَلْ أَدُلُّكَ عَلَىٰ شَجَرَةِ الْخُلْدِ وَ مُلْكٍ لَا يَبْلَىٰ,0.782,وَ مَا هُوَ بِقَوْلِ شَيْطَانٍ رَجِيمٍ,0.863
,,,,فَوَسْوَسَ لَهُمَا الشَّيْطَانُ لِيُبْدِيَ لَهُمَا مَا وُورِيَ عَنْهُمَا مِنْ سَوْآتِهِمَا وَ قَالَ مَا نَهَاكُمَا رَبُّكُمَا عَنْ هَذِهِ الشَّجَرَةِ إِلَّا أَنْ تَكُونَا مَلَكَيْنِ أَوْ تَكُونَا مِنَ الْخَالِدِينَ,0.768,فَإِذَا قَرَأْتَ الْقُرْآنَ فَاسْتَعِذْ بِاللَّهِ مِنَ الشَّيْطَانِ الرَّجِيمِ,0.802
,,,,وَ لَقَدْ خَلَقْنَا الْإِنْسَانَ وَ نَعْلَمُ مَا تُوَسْوِسُ بِهِ نَفْسُهُ وَ نَحْنُ أَقْرَبُ إِلَيْهِ مِنْ حَبْلِ الْوَرِيدِ,0.76,قَالَ فَاخْرُجْ مِنْهَا فَإِنَّكَ رَجِيمٌ,0.791
,,,,مِنْ شَرِّ الْوَسْوَاسِ الْخَنَّاسِ,0.751,قَالَ فَاخْرُجْ مِنْهَا فَإِنَّكَ رَجِيمٌ,0.791
,,,,وَ قُلْ لِعِبَادِي يَقُولُوا الَّتِي هِيَ أَحْسَنُ إِنَّ الشَّيْطَانَ يَنْزَغُ بَيْنَهُمْ إِنَّ الشَّيْطَانَ كَانَ لِلْإِنْسَانِ عَدُوًّا مُبِينًا,0.679,وَ حِفْظًا مِنْ كُلِّ شَيْطَانٍ مَارِدٍ,0.751
,,,,فَدَلَّاهُمَا بِغُرُورٍ فَلَمَّا ذَاقَا الشَّجَرَةَ بَدَتْ لَهُمَا سَوْآتُهُمَا وَ طَفِقَا يَخْصِفَانِ عَلَيْهِمَا مِنْ وَرَقِ الْجَنَّةِ وَ نَادَاهُمَا رَبُّهُمَا أَ لَمْ أَنْهَكُمَا عَنْ تِلْكُمَا الشَّجَرَةِ وَ أَقُلْ لَكُمَا إِنَّ الشَّيْطَانَ لَكُمَا عَدُوٌّ مُبِينٌ,0.659,فَوَسْوَسَ لَهُمَا الشَّيْطَانُ لِيُبْدِيَ لَهُمَا مَا وُورِيَ عَنْهُمَا مِنْ سَوْآتِهِمَا وَ قَالَ مَا نَهَاكُمَا رَبُّكُمَا عَنْ هَذِهِ الشَّجَرَةِ إِلَّا أَنْ تَكُونَا مَلَكَيْنِ أَوْ تَكُونَا مِنَ الْخَالِدِينَ,0.74
,,,,وَ حَفِظْنَاهَا مِنْ كُلِّ شَيْطَانٍ رَجِيمٍ,0.634,وَ الشَّيَاطِينَ كُلَّ بَنَّاءٍ وَ غَوَّاصٍ,0.73
,,,,يَا أَبَتِ لَا تَعْبُدِ الشَّيْطَانَ إِنَّ الشَّيْطَانَ كَانَ لِلرَّحْمَنِ عَصِيًّا,0.632,فَوَسْوَسَ إِلَيْهِ الشَّيْطَانُ قَالَ يَا آدَمُ هَلْ أَدُلُّكَ عَلَىٰ شَجَرَةِ الْخُلْدِ وَ مُلْكٍ لَا يَبْلَىٰ,0.728
,,,,وَ حِفْظًا مِنْ كُلِّ شَيْطَانٍ مَارِدٍ,0.631,فَلَمَّا وَضَعَتْهَا قَالَتْ رَبِّ إِنِّي وَضَعْتُهَا أُنْثَىٰ وَ اللَّهُ أَعْلَمُ بِمَا وَضَعَتْ وَ لَيْسَ الذَّكَرُ كَالْأُنْثَىٰ وَ إِنِّي سَمَّيْتُهَا مَرْيَمَ وَ إِنِّي أُعِيذُهَا بِكَ وَ ذُرِّيَّتَهَا مِنَ الشَّيْطَانِ الرَّجِيمِ,0.715
"q21 = ""حیاه الاخره و حیاه الدنیا""",0.11,"q21 = ""حياه الاخره و حياه الدنيا الحياه في متاع لهم من""",0.33,,,,
,,,,وَ لَكُمْ فِي الْقِصَاصِ حَيَاةٌ يَا أُولِي الْأَلْبَابِ لَعَلَّكُمْ تَتَّقُونَ,0.779,بَلْ تُؤْثِرُونَ الْحَيَاةَ الدُّنْيَا,0.79
,,,,مَنْ عَمِلَ صَالِحًا مِنْ ذَكَرٍ أَوْ أُنْثَىٰ وَ هُوَ مُؤْمِنٌ فَلَنُحْيِيَنَّهُ حَيَاةً طَيِّبَةً وَ لَنَجْزِيَنَّهُمْ أَجْرَهُمْ بِأَحْسَنِ مَا كَانُوا يَعْمَلُونَ,0.762,ثُمَّ دَنَا فَتَدَلَّىٰ,0.781
,,,,وَ لَتَجِدَنَّهُمْ أَحْرَصَ النَّاسِ عَلَىٰ حَيَاةٍ وَ مِنَ الَّذِينَ أَشْرَكُوا يَوَدُّ أَحَدُهُمْ لَوْ يُعَمَّرُ أَلْفَ سَنَةٍ وَ مَا هُوَ بِمُزَحْزِحِهِ مِنَ الْعَذَابِ أَنْ يُعَمَّرَ وَ اللَّهُ بَصِيرٌ بِمَا يَعْمَلُونَ,0.699,يَا أَيُّهَا الَّذِينَ آمَنُوا مَا لَكُمْ إِذَا قِيلَ لَكُمُ انْفِرُوا فِي سَبِيلِ اللَّهِ اثَّاقَلْتُمْ إِلَى الْأَرْضِ أَ رَضِيتُمْ بِالْحَيَاةِ الدُّنْيَا مِنَ الْآخِرَةِ فَمَا مَتَاعُ الْحَيَاةِ الدُّنْيَا فِي الْآخِرَةِ إِلَّا قَلِيلٌ,0.755
,,,,وَ اتَّخَذُوا مِنْ دُونِهِ آلِهَةً لَا يَخْلُقُونَ شَيْئًا وَ هُمْ يُخْلَقُونَ وَ لَا يَمْلِكُونَ لِأَنْفُسِهِمْ ضَرًّا وَ لَا نَفْعًا وَ لَا يَمْلِكُونَ مَوْتًا وَ لَا حَيَاةً وَ لَا نُشُورًا,0.673,وَ زُخْرُفًا وَ إِنْ كُلُّ ذَلِكَ لَمَّا مَتَاعُ الْحَيَاةِ الدُّنْيَا وَ الْآخِرَةُ عِنْدَ رَبِّكَ لِلْمُتَّقِينَ,0.753
,,,,وَ مَا يَسْتَوِي الْأَعْمَىٰ وَ الْبَصِيرُ وَ الَّذِينَ آمَنُوا وَ عَمِلُوا الصَّالِحَاتِ وَ لَا الْمُسِيءُ قَلِيلًا مَا تَتَذَكَّرُونَ,0.574,نَحْنُ أَوْلِيَاؤُكُمْ فِي الْحَيَاةِ الدُّنْيَا وَ فِي الْآخِرَةِ وَ لَكُمْ فِيهَا مَا تَشْتَهِي أَنْفُسُكُمْ وَ لَكُمْ فِيهَا مَا تَدَّعُونَ,0.747
,,,,لَتُبْلَوُنَّ فِي أَمْوَالِكُمْ وَ أَنْفُسِكُمْ وَ لَتَسْمَعُنَّ مِنَ الَّذِينَ أُوتُوا الْكِتَابَ مِنْ قَبْلِكُمْ وَ مِنَ الَّذِينَ أَشْرَكُوا أَذًى كَثِيرًا وَ إِنْ تَصْبِرُوا وَ تَتَّقُوا فَإِنَّ ذَلِكَ مِنْ عَزْمِ الْأُمُورِ,0.568,يَا قَوْمِ إِنَّمَا هَذِهِ الْحَيَاةُ الدُّنْيَا مَتَاعٌ وَ إِنَّ الْآخِرَةَ هِيَ دَارُ الْقَرَارِ,0.741
,,,,قُلْ لَا يَسْتَوِي الْخَبِيثُ وَ الطَّيِّبُ وَ لَوْ أَعْجَبَكَ كَثْرَةُ الْخَبِيثِ فَاتَّقُوا اللَّهَ يَا أُولِي الْأَلْبَابِ لَعَلَّكُمْ تُفْلِحُونَ,0.565,فَأَذَاقَهُمُ اللَّهُ الْخِزْيَ فِي الْحَيَاةِ الدُّنْيَا وَ لَعَذَابُ الْآخِرَةِ أَكْبَرُ لَوْ كَانُوا يَعْلَمُونَ,0.736
,,,,وَ أَشْرِكْهُ فِي أَمْرِي,0.564,أَ فَمَنْ وَعَدْنَاهُ وَعْدًا حَسَنًا فَهُوَ لَاقِيهِ كَمَنْ مَتَّعْنَاهُ مَتَاعَ الْحَيَاةِ الدُّنْيَا ثُمَّ هُوَ يَوْمَ الْقِيَامَةِ مِنَ الْمُحْضَرِينَ,0.725
,,,,نَحْنُ أَوْلِيَاؤُكُمْ فِي الْحَيَاةِ الدُّنْيَا وَ فِي الْآخِرَةِ وَ لَكُمْ فِيهَا مَا تَشْتَهِي أَنْفُسُكُمْ وَ لَكُمْ فِيهَا مَا تَدَّعُونَ,0.564,اللَّهُ يَبْسُطُ الرِّزْقَ لِمَنْ يَشَاءُ وَ يَقْدِرُ وَ فَرِحُوا بِالْحَيَاةِ الدُّنْيَا وَ مَا الْحَيَاةُ الدُّنْيَا فِي الْآخِرَةِ إِلَّا مَتَاعٌ,0.719
,,,,وَ تَضْحَكُونَ وَ لَا تَبْكُونَ,0.561,لَهُمْ عَذَابٌ فِي الْحَيَاةِ الدُّنْيَا وَ لَعَذَابُ الْآخِرَةِ أَشَقُّ وَ مَا لَهُمْ مِنَ اللَّهِ مِنْ وَاقٍ,0.716
"q22 = ""اصحاب یمین شمال""",1,"q22 = ""اصحاب يمين شمال اليمين الشمال باليمين""",1,,,,
,,,,وَ أَصْحَابُ الشِّمَالِ مَا أَصْحَابُ الشِّمَالِ,0.948,الْيَمِينِ وَ عَنِ الشِّمَالِ عِزِينَ أَ,0.928
,,,,الْيَمِينِ وَ عَنِ الشِّمَالِ عِزِينَ أَ,0.917,إِذْ يَتَلَقَّى الْمُتَلَقِّيَانِ عَنِ الْيَمِينِ وَ عَنِ الشِّمَالِ قَعِيدٌ,0.909
,,,,إِذْ يَتَلَقَّى الْمُتَلَقِّيَانِ عَنِ الْيَمِينِ وَ عَنِ الشِّمَالِ قَعِيدٌ,0.878,وَ أَصْحَابُ الشِّمَالِ مَا أَصْحَابُ الشِّمَالِ,0.868
,,,,لَقَدْ كَانَ لِسَبَإٍ فِي مَسْكَنِهِمْ آيَةٌ جَنَّتَانِ عَنْ يَمِينٍ وَ شِمَالٍ كُلُوا مِنْ رِزْقِ رَبِّكُمْ وَ اشْكُرُوا لَهُ بَلْدَةٌ طَيِّبَةٌ وَ رَبٌّ غَفُورٌ,0.814,وَ أَصْحَابُ الْيَمِينِ مَا أَصْحَابُ الْيَمِينِ,0.855
,,,,وَ أَمَّا مَنْ أُوتِيَ كِتَابَهُ بِشِمَالِهِ فَيَقُولُ يَا لَيْتَنِي لَمْ أُوتَ كِتَابِيَهْ,0.8,وَ أَمَّا إِنْ كَانَ مِنْ أَصْحَابِ الْيَمِينِ,0.852
,,,,فَسَلَامٌ لَكَ مِنْ أَصْحَابِ الْيَمِينِ,0.787,إِلَّا أَصْحَابَ الْيَمِينِ,0.849
,,,,وَ أَمَّا إِنْ كَانَ مِنْ أَصْحَابِ الْيَمِينِ,0.782,فَسَلَامٌ لَكَ مِنْ أَصْحَابِ الْيَمِينِ,0.832
,,,,وَ تَرَى الشَّمْسَ إِذَا طَلَعَتْ تَزَاوَرُ عَنْ كَهْفِهِمْ ذَاتَ الْيَمِينِ وَ إِذَا غَرَبَتْ تَقْرِضُهُمْ ذَاتَ الشِّمَالِ وَ هُمْ فِي فَجْوَةٍ مِنْهُ ذَلِكَ مِنْ آيَاتِ اللَّهِ مَنْ يَهْدِ اللَّهُ فَهُوَ الْمُهْتَدِ وَ مَنْ يُضْلِلْ فَلَنْ تَجِدَ لَهُ وَلِيًّا مُرْشِدًا,0.779,وَ تَحْسَبُهُمْ أَيْقَاظًا وَ هُمْ رُقُودٌ وَ نُقَلِّبُهُمْ ذَاتَ الْيَمِينِ وَ ذَاتَ الشِّمَالِ وَ كَلْبُهُمْ بَاسِطٌ ذِرَاعَيْهِ بِالْوَصِيدِ لَوِ اطَّلَعْتَ عَلَيْهِمْ لَوَلَّيْتَ مِنْهُمْ فِرَارًا وَ لَمُلِئْتَ مِنْهُمْ رُعْبًا,0.831
,,,,وَ أَصْحَابُ الْيَمِينِ مَا أَصْحَابُ الْيَمِينِ,0.774,لِأَصْحَابِ الْيَمِينِ,0.83
,,,,لِأَصْحَابِ الْيَمِينِ,0.774,وَ تَرَى الشَّمْسَ إِذَا طَلَعَتْ تَزَاوَرُ عَنْ كَهْفِهِمْ ذَاتَ الْيَمِينِ وَ إِذَا غَرَبَتْ تَقْرِضُهُمْ ذَاتَ الشِّمَالِ وَ هُمْ فِي فَجْوَةٍ مِنْهُ ذَلِكَ مِنْ آيَاتِ اللَّهِ مَنْ يَهْدِ اللَّهُ فَهُوَ الْمُهْتَدِ وَ مَنْ يُضْلِلْ فَلَنْ تَجِدَ لَهُ وَلِيًّا مُرْشِدًا,0.812
"q23 = ""قرض الحسنه مضاعف""",0.5,"q23 = ""قرض الحسنه مضاعف قرضا الله""",1,,,,
,,,,قَالَ يَا قَوْمِ لِمَ تَسْتَعْجِلُونَ بِالسَّيِّئَةِ قَبْلَ الْحَسَنَةِ لَوْ لَا تَسْتَغْفِرُونَ اللَّهَ لَعَلَّكُمْ تُرْحَمُونَ,0.791,إِنْ تُقْرِضُوا اللَّهَ قَرْضًا حَسَنًا يُضَاعِفْهُ لَكُمْ وَ يَغْفِرْ لَكُمْ وَ اللَّهُ شَكُورٌ حَلِيمٌ,0.844
,,,,إِنْ تُقْرِضُوا اللَّهَ قَرْضًا حَسَنًا يُضَاعِفْهُ لَكُمْ وَ يَغْفِرْ لَكُمْ وَ اللَّهُ شَكُورٌ حَلِيمٌ,0.753,إِنَّ الْمُصَّدِّقِينَ وَ الْمُصَّدِّقَاتِ وَ أَقْرَضُوا اللَّهَ قَرْضًا حَسَنًا يُضَاعَفُ لَهُمْ وَ لَهُمْ أَجْرٌ كَرِيمٌ,0.831
,,,,إِنَّ الْمُصَّدِّقِينَ وَ الْمُصَّدِّقَاتِ وَ أَقْرَضُوا اللَّهَ قَرْضًا حَسَنًا يُضَاعَفُ لَهُمْ وَ لَهُمْ أَجْرٌ كَرِيمٌ,0.733,مَنْ ذَا الَّذِي يُقْرِضُ اللَّهَ قَرْضًا حَسَنًا فَيُضَاعِفَهُ لَهُ وَ لَهُ أَجْرٌ كَرِيمٌ,0.829
,,,,وَ يَسْتَعْجِلُونَكَ بِالسَّيِّئَةِ قَبْلَ الْحَسَنَةِ وَ قَدْ خَلَتْ مِنْ قَبْلِهِمُ الْمَثُلَاتُ وَ إِنَّ رَبَّكَ لَذُو مَغْفِرَةٍ لِلنَّاسِ عَلَىٰ ظُلْمِهِمْ وَ إِنَّ رَبَّكَ لَشَدِيدُ الْعِقَابِ,0.732,مَنْ ذَا الَّذِي يُقْرِضُ اللَّهَ قَرْضًا حَسَنًا فَيُضَاعِفَهُ لَهُ أَضْعَافًا كَثِيرَةً وَ اللَّهُ يَقْبِضُ وَ يَبْسُطُ وَ إِلَيْهِ تُرْجَعُونَ,0.769
,,,,مَنْ ذَا الَّذِي يُقْرِضُ اللَّهَ قَرْضًا حَسَنًا فَيُضَاعِفَهُ لَهُ وَ لَهُ أَجْرٌ كَرِيمٌ,0.727,وَ لَقَدْ أَخَذَ اللَّهُ مِيثَاقَ بَنِي إِسْرَائِيلَ وَ بَعَثْنَا مِنْهُمُ اثْنَيْ عَشَرَ نَقِيبًا وَ قَالَ اللَّهُ إِنِّي مَعَكُمْ لَئِنْ أَقَمْتُمُ الصَّلَاةَ وَ آتَيْتُمُ الزَّكَاةَ وَ آمَنْتُمْ بِرُسُلِي وَ عَزَّرْتُمُوهُمْ وَ أَقْرَضْتُمُ اللَّهَ قَرْضًا حَسَنًا لَأُكَفِّرَنَّ عَنْكُمْ سَيِّئَاتِكُمْ وَ لَاُدْخِلَنَّكُمْ جَنَّاتٍ تَجْرِي مِنْ تَحْتِهَا الْأَنْهَارُ فَمَنْ كَفَرَ بَعْدَ ذَلِكَ مِنْكُمْ فَقَدْ ضَلَّ سَوَاءَ السَّبِيلِ,0.745
,,,,مَنْ ذَا الَّذِي يُقْرِضُ اللَّهَ قَرْضًا حَسَنًا فَيُضَاعِفَهُ لَهُ أَضْعَافًا كَثِيرَةً وَ اللَّهُ يَقْبِضُ وَ يَبْسُطُ وَ إِلَيْهِ تُرْجَعُونَ,0.68,قَالَ يَا قَوْمِ لِمَ تَسْتَعْجِلُونَ بِالسَّيِّئَةِ قَبْلَ الْحَسَنَةِ لَوْ لَا تَسْتَغْفِرُونَ اللَّهَ لَعَلَّكُمْ تُرْحَمُونَ,0.716
,,,,وَ لَقَدْ أَخَذَ اللَّهُ مِيثَاقَ بَنِي إِسْرَائِيلَ وَ بَعَثْنَا مِنْهُمُ اثْنَيْ عَشَرَ نَقِيبًا وَ قَالَ اللَّهُ إِنِّي مَعَكُمْ لَئِنْ أَقَمْتُمُ الصَّلَاةَ وَ آتَيْتُمُ الزَّكَاةَ وَ آمَنْتُمْ بِرُسُلِي وَ عَزَّرْتُمُوهُمْ وَ أَقْرَضْتُمُ اللَّهَ قَرْضًا حَسَنًا لَأُكَفِّرَنَّ عَنْكُمْ سَيِّئَاتِكُمْ وَ لَاُدْخِلَنَّكُمْ جَنَّاتٍ تَجْرِي مِنْ تَحْتِهَا الْأَنْهَارُ فَمَنْ كَفَرَ بَعْدَ ذَلِكَ مِنْكُمْ فَقَدْ ضَلَّ سَوَاءَ السَّبِيلِ,0.677,إِنَّ رَبَّكَ يَعْلَمُ أَنَّكَ تَقُومُ أَدْنَىٰ مِنْ ثُلُثَيِ اللَّيْلِ وَ نِصْفَهُ وَ ثُلُثَهُ وَ طَائِفَةٌ مِنَ الَّذِينَ مَعَكَ وَ اللَّهُ يُقَدِّرُ اللَّيْلَ وَ النَّهَارَ عَلِمَ أَنْ لَنْ تُحْصُوهُ فَتَابَ عَلَيْكُمْ فَاقْرَءُوا مَا تَيَسَّرَ مِنَ الْقُرْآنِ عَلِمَ أَنْ سَيَكُونُ مِنْكُمْ مَرْضَىٰ وَ آخَرُونَ يَضْرِبُونَ فِي الْأَرْضِ يَبْتَغُونَ مِنْ فَضْلِ اللَّهِ وَ آخَرُونَ يُقَاتِلُونَ فِي سَبِيلِ اللَّهِ فَاقْرَءُوا مَا تَيَسَّرَ مِنْهُ وَ أَقِيمُوا الصَّلَاةَ وَ آتُوا الزَّكَاةَ وَ أَقْرِضُوا اللَّهَ قَرْضًا حَسَنًا وَ مَا تُقَدِّمُوا لِأَنْفُسِكُمْ مِنْ خَيْرٍ تَجِدُوهُ عِنْدَ اللَّهِ هُوَ خَيْرًا وَ أَعْظَمَ أَجْرًا وَ اسْتَغْفِرُوا اللَّهَ إِنَّ اللَّهَ غَفُورٌ رَحِيمٌ,0.669
,,,,فَإِذَا جَاءَتْهُمُ الْحَسَنَةُ قَالُوا لَنَا هَذِهِ وَ إِنْ تُصِبْهُمْ سَيِّئَةٌ يَطَّيَّرُوا بِمُوسَىٰ وَ مَنْ مَعَهُ أَلَا إِنَّمَا طَائِرُهُمْ عِنْدَ اللَّهِ وَ لَكِنَّ أَكْثَرَهُمْ لَا يَعْلَمُونَ,0.656,وَ أَقِيمُوا الصَّلَاةَ وَ آتُوا الزَّكَاةَ وَ مَا تُقَدِّمُوا لِأَنْفُسِكُمْ مِنْ خَيْرٍ تَجِدُوهُ عِنْدَ اللَّهِ إِنَّ اللَّهَ بِمَا تَعْمَلُونَ بَصِيرٌ,0.669
,,,,ادْعُ إِلَىٰ سَبِيلِ رَبِّكَ بِالْحِكْمَةِ وَ الْمَوْعِظَةِ الْحَسَنَةِ وَ جَادِلْهُمْ بِالَّتِي هِيَ أَحْسَنُ إِنَّ رَبَّكَ هُوَ أَعْلَمُ بِمَنْ ضَلَّ عَنْ سَبِيلِهِ وَ هُوَ أَعْلَمُ بِالْمُهْتَدِينَ,0.647,وَ يَسْتَعْجِلُونَكَ بِالسَّيِّئَةِ قَبْلَ الْحَسَنَةِ وَ قَدْ خَلَتْ مِنْ قَبْلِهِمُ الْمَثُلَاتُ وَ إِنَّ رَبَّكَ لَذُو مَغْفِرَةٍ لِلنَّاسِ عَلَىٰ ظُلْمِهِمْ وَ إِنَّ رَبَّكَ لَشَدِيدُ الْعِقَابِ,0.662
,,,,ثُمَّ بَدَّلْنَا مَكَانَ السَّيِّئَةِ الْحَسَنَةَ حَتَّىٰ عَفَوْا وَ قَالُوا قَدْ مَسَّ آبَاءَنَا الضَّرَّاءُ وَ السَّرَّاءُ فَأَخَذْنَاهُمْ بَغْتَةً وَ هُمْ لَا يَشْعُرُونَ,0.647,وَ تَرَى الشَّمْسَ إِذَا طَلَعَتْ تَزَاوَرُ عَنْ كَهْفِهِمْ ذَاتَ الْيَمِينِ وَ إِذَا غَرَبَتْ تَقْرِضُهُمْ ذَاتَ الشِّمَالِ وَ هُمْ فِي فَجْوَةٍ مِنْهُ ذَلِكَ مِنْ آيَاتِ اللَّهِ مَنْ يَهْدِ اللَّهُ فَهُوَ الْمُهْتَدِ وَ مَنْ يُضْلِلْ فَلَنْ تَجِدَ لَهُ وَلِيًّا مُرْشِدًا,0.651
"q24 = ""كذبت عاد فكيف كان عذابي و نذر""",1,"q24 = ""كذبت عاد فكيف كان عذابي و نذر المرسلين ثمود نذير نوح تنذرهم""",1,,,,
,,,,كَذَّبَتْ عَادٌ فَكَيْفَ كَانَ عَذَابِي وَ نُذُرِ,1,كَذَّبَتْ عَادٌ فَكَيْفَ كَانَ عَذَابِي وَ نُذُرِ,0.924
,,,,فَكَيْفَ كَانَ عَذَابِي وَ نُذُرِ,0.946,كَذَّبَتْ ثَمُودُ وَ عَادٌ بِالْقَارِعَةِ,0.876
,,,,فَكَيْفَ كَانَ عَذَابِي وَ نُذُرِ,0.946,كَذَّبَتْ عَادٌ الْمُرْسَلِينَ,0.855
,,,,فَكَيْفَ كَانَ عَذَابِي وَ نُذُرِ,0.946,كَذَّبَتْ ثَمُودُ الْمُرْسَلِينَ,0.844
,,,,كَذَّبَتْ ثَمُودُ وَ عَادٌ بِالْقَارِعَةِ,0.805,فَكَيْفَ كَانَ عَذَابِي وَ نُذُرِ,0.843
,,,,كَذَّبَتْ ثَمُودُ بِالنُّذُرِ,0.786,فَكَيْفَ كَانَ عَذَابِي وَ نُذُرِ,0.843
,,,,كَذَّبَتْ عَادٌ الْمُرْسَلِينَ,0.785,فَكَيْفَ كَانَ عَذَابِي وَ نُذُرِ,0.843
,,,,كَذَّبَتْ قَوْمُ لُوطٍ بِالنُّذُرِ,0.778,كَذَّبَتْ ثَمُودُ بِطَغْوَاهَا,0.839
,,,,كَذَّبَتْ قَبْلَهُمْ قَوْمُ نُوحٍ وَ عَادٌ وَ فِرْعَوْنُ ذُو الْأَوْتَادِ,0.778,كَذَّبَتْ قَوْمُ نُوحٍ الْمُرْسَلِينَ,0.833
,,,,فَذُوقُوا عَذَابِي وَ نُذُرِ,0.768,كَذَّبَتْ ثَمُودُ بِالنُّذُرِ,0.832
"q25 = ""اَللَّـهُ لَا إِلَـٰهَ إِلَّا هُوَ الْحَيُّ الْقَيُّومُ ۚ لَا تَأْخُذُهُ سِنَةٌ وَلَا نَوْمٌ ۚ لَّهُ مَا فِي السَّمَاوَاتِ وَمَا فِي الْأَرْ‌ضِ ۗ مَن ذَا الَّذِي يَشْفَعُ عِندَهُ إِلَّا بِإِذْنِهِ ۚ يَعْلَمُ مَا بَيْنَ أَيْدِيهِمْ وَمَا خَلْفَهُمْ ۖ وَلَا يُحِيطُونَ بِشَيْءٍ مِّنْ عِلْمِهِ إِلَّا بِمَا شَاءَ ۚ وَسِعَ كُرْ‌سِيُّهُ السَّمَاوَاتِ وَالْأَرْ‌ضَ ۖ وَلَا يَئُودُهُ حِفْظُهُمَا ۚ وَهُوَ الْعَلِيُّ الْعَظِيمُ""",1,"q25 = ""الله لا اله الا هو الحي القيوم لا تاخذه سنه ولا نوم له ما في السماوات وما في الار ض من ذا الذي يشفع عنده الا باذنه يعلم ما بين ايديهم وما خلفهم ولا يحيطون بشي من علمه الا بما شا وسع كر سيه السماوات والار ض ولا يئوده حفظهما وهو العلي العظيم الارض علما الامور العرش الغيب الثري ان يعلمها تصير الهكم ترجع يستحسرون""",1,,,,
,,,,اللَّهُ لَا إِلَهَ إِلَّا هُوَ الْحَيُّ الْقَيُّومُ لَا تَأْخُذُهُ سِنَةٌ وَ لَا نَوْمٌ لَهُ مَا فِي السَّمَاوَاتِ وَ مَا فِي الْأَرْضِ مَنْ ذَا الَّذِي يَشْفَعُ عِنْدَهُ إِلَّا بِإِذْنِهِ يَعْلَمُ مَا بَيْنَ أَيْدِيهِمْ وَ مَا خَلْفَهُمْ وَ لَا يُحِيطُونَ بِشَيْءٍ مِنْ عِلْمِهِ إِلَّا بِمَا شَاءَ وَسِعَ كُرْسِيُّهُ السَّمَاوَاتِ وَ الْأَرْضَ وَ لَا يَئُودُهُ حِفْظُهُمَا وَ هُوَ الْعَلِيُّ الْعَظِيمُ,0.961,اللَّهُ لَا إِلَهَ إِلَّا هُوَ الْحَيُّ الْقَيُّومُ لَا تَأْخُذُهُ سِنَةٌ وَ لَا نَوْمٌ لَهُ مَا فِي السَّمَاوَاتِ وَ مَا فِي الْأَرْضِ مَنْ ذَا الَّذِي يَشْفَعُ عِنْدَهُ إِلَّا بِإِذْنِهِ يَعْلَمُ مَا بَيْنَ أَيْدِيهِمْ وَ مَا خَلْفَهُمْ وَ لَا يُحِيطُونَ بِشَيْءٍ مِنْ عِلْمِهِ إِلَّا بِمَا شَاءَ وَسِعَ كُرْسِيُّهُ السَّمَاوَاتِ وَ الْأَرْضَ وَ لَا يَئُودُهُ حِفْظُهُمَا وَ هُوَ الْعَلِيُّ الْعَظِيمُ,0.962
,,,,وَ الشَّفْعِ وَ الْوَتْرِ,0.833,وَ الشَّفْعِ وَ الْوَتْرِ,0.856
,,,,وَ السَّارِقُ وَ السَّارِقَةُ فَاقْطَعُوا أَيْدِيَهُمَا جَزَاءً بِمَا كَسَبَا نَكَالًا مِنَ اللَّهِ وَ اللَّهُ عَزِيزٌ حَكِيمٌ,0.828,ثُمَّ يُجْزَاهُ الْجَزَاءَ الْأَوْفَىٰ,0.84
,,,,ثُمَّ يُجْزَاهُ الْجَزَاءَ الْأَوْفَىٰ,0.825,وَ السَّارِقُ وَ السَّارِقَةُ فَاقْطَعُوا أَيْدِيَهُمَا جَزَاءً بِمَا كَسَبَا نَكَالًا مِنَ اللَّهِ وَ اللَّهُ عَزِيزٌ حَكِيمٌ,0.83
,,,,وَ لَا يَسْتَثْنُونَ,0.821,وَ لَا يَسْتَثْنُونَ,0.82
,,,,إِذْ تَسْتَغِيثُونَ رَبَّكُمْ فَاسْتَجَابَ لَكُمْ أَنِّي مُمِدُّكُمْ بِأَلْفٍ مِنَ الْمَلَائِكَةِ مُرْدِفِينَ,0.807,إِذْ تَسْتَغِيثُونَ رَبَّكُمْ فَاسْتَجَابَ لَكُمْ أَنِّي مُمِدُّكُمْ بِأَلْفٍ مِنَ الْمَلَائِكَةِ مُرْدِفِينَ,0.815
,,,,قَالُوا وَ أَقْبَلُوا عَلَيْهِمْ مَا ذَا تَفْقِدُونَ,0.804,وَ هُوَ اللَّهُ فِي السَّمَاوَاتِ وَ فِي الْأَرْضِ يَعْلَمُ سِرَّكُمْ وَ جَهْرَكُمْ وَ يَعْلَمُ مَا تَكْسِبُونَ,0.815
,,,,وَ أَنْ لَوِ اسْتَقَامُوا عَلَى الطَّرِيقَةِ لَأَسْقَيْنَاهُمْ مَاءً غَدَقًا,0.804,وَ أَنْ لَوِ اسْتَقَامُوا عَلَى الطَّرِيقَةِ لَأَسْقَيْنَاهُمْ مَاءً غَدَقًا,0.811
,,,,يَا أَيُّهَا النَّبِيُّ إِذَا جَاءَكَ الْمُؤْمِنَاتُ يُبَايِعْنَكَ عَلَىٰ أَنْ لَا يُشْرِكْنَ بِاللَّهِ شَيْئًا وَ لَا يَسْرِقْنَ وَ لَا يَزْنِينَ وَ لَا يَقْتُلْنَ أَوْلَادَهُنَّ وَ لَا يَأْتِينَ بِبُهْتَانٍ يَفْتَرِينَهُ بَيْنَ أَيْدِيهِنَّ وَ أَرْجُلِهِنَّ وَ لَا يَعْصِينَكَ فِي مَعْرُوفٍ فَبَايِعْهُنَّ وَ اسْتَغْفِرْ لَهُنَّ اللَّهَ إِنَّ اللَّهَ غَفُورٌ رَحِيمٌ,0.795,وَ إِنَّا لَنَحْنُ الصَّافُّونَ,0.809
,,,,وَ إِنَّا لَنَحْنُ الصَّافُّونَ,0.794,قَالُوا وَ أَقْبَلُوا عَلَيْهِمْ مَا ذَا تَفْقِدُونَ,0.806
"q26 = ""غفور رحیم کریم علیم سمیع بصیر رحیم رحمن""",1,"q26 = ""غفور رحيم كريم عليم سميع بصير رحيم رحمن الرحيم الرحمن لهو العزيز ربك هو""",1,,,,
,,,,نُزُلًا مِنْ غَفُورٍ رَحِيمٍ,0.773,وَ إِنَّ رَبَّكَ لَهُوَ الْعَزِيزُ الرَّحِيمُ,0.818
,,,,الرَّحْمَنِ الرَّحِيمِ,0.765,وَ إِنَّ رَبَّكَ لَهُوَ الْعَزِيزُ الرَّحِيمُ,0.818
,,,,نَبِّئْ عِبَادِي أَنِّي أَنَا الْغَفُورُ الرَّحِيمُ,0.756,وَ إِنَّ رَبَّكَ لَهُوَ الْعَزِيزُ الرَّحِيمُ,0.818
,,,,وَ إِنَّ رَبَّكَ لَهُوَ الْعَزِيزُ الرَّحِيمُ,0.749,وَ إِنَّ رَبَّكَ لَهُوَ الْعَزِيزُ الرَّحِيمُ,0.818
,,,,وَ إِنَّ رَبَّكَ لَهُوَ الْعَزِيزُ الرَّحِيمُ,0.749,وَ إِنَّ رَبَّكَ لَهُوَ الْعَزِيزُ الرَّحِيمُ,0.818
,,,,وَ إِنَّ رَبَّكَ لَهُوَ الْعَزِيزُ الرَّحِيمُ,0.749,وَ إِنَّ رَبَّكَ لَهُوَ الْعَزِيزُ الرَّحِيمُ,0.818
,,,,وَ إِنَّ رَبَّكَ لَهُوَ الْعَزِيزُ الرَّحِيمُ,0.749,وَ إِنَّ رَبَّكَ لَهُوَ الْعَزِيزُ الرَّحِيمُ,0.818
,,,,وَ إِنَّ رَبَّكَ لَهُوَ الْعَزِيزُ الرَّحِيمُ,0.749,وَ إِنَّ رَبَّكَ لَهُوَ الْعَزِيزُ الرَّحِيمُ,0.818
,,,,وَ إِنَّ رَبَّكَ لَهُوَ الْعَزِيزُ الرَّحِيمُ,0.749,تَنْزِيلٌ مِنَ الرَّحْمَنِ الرَّحِيمِ,0.8
,,,,وَ إِنَّ رَبَّكَ لَهُوَ الْعَزِيزُ الرَّحِيمُ,0.749,إِلَّا مَنْ رَحِمَ اللَّهُ إِنَّهُ هُوَ الْعَزِيزُ الرَّحِيمُ,0.798
"q27 = ""وَلِلّهِ الأَسْمَاء الْحُسْنَى""",1,"q27 = ""ولله الاسما الحسني الله""",1,,,,
,,,,اللَّهُ لَا إِلَهَ إِلَّا هُوَ لَهُ الْأَسْمَاءُ الْحُسْنَىٰ,0.972,اللَّهُ لَا إِلَهَ إِلَّا هُوَ لَهُ الْأَسْمَاءُ الْحُسْنَىٰ,0.985
,,,,وَ لِلَّهِ الْأَسْمَاءُ الْحُسْنَىٰ فَادْعُوهُ بِهَا وَ ذَرُوا الَّذِينَ يُلْحِدُونَ فِي أَسْمَائِهِ سَيُجْزَوْنَ مَا كَانُوا يَعْمَلُونَ,0.805,هُوَ اللَّهُ الْخَالِقُ الْبَارِئُ الْمُصَوِّرُ لَهُ الْأَسْمَاءُ الْحُسْنَىٰ يُسَبِّحُ لَهُ مَا فِي السَّمَاوَاتِ وَ الْأَرْضِ وَ هُوَ الْعَزِيزُ الْحَكِيمُ,0.811
,,,,قُلِ ادْعُوا اللَّهَ أَوِ ادْعُوا الرَّحْمَنَ أَيًّا مَا تَدْعُوا فَلَهُ الْأَسْمَاءُ الْحُسْنَىٰ وَ لَا تَجْهَرْ بِصَلَاتِكَ وَ لَا تُخَافِتْ بِهَا وَ ابْتَغِ بَيْنَ ذَلِكَ سَبِيلًا,0.801,قُلِ ادْعُوا اللَّهَ أَوِ ادْعُوا الرَّحْمَنَ أَيًّا مَا تَدْعُوا فَلَهُ الْأَسْمَاءُ الْحُسْنَىٰ وَ لَا تَجْهَرْ بِصَلَاتِكَ وَ لَا تُخَافِتْ بِهَا وَ ابْتَغِ بَيْنَ ذَلِكَ سَبِيلًا,0.81
,,,,هُوَ اللَّهُ الْخَالِقُ الْبَارِئُ الْمُصَوِّرُ لَهُ الْأَسْمَاءُ الْحُسْنَىٰ يُسَبِّحُ لَهُ مَا فِي السَّمَاوَاتِ وَ الْأَرْضِ وَ هُوَ الْعَزِيزُ الْحَكِيمُ,0.78,وَ لِلَّهِ الْأَسْمَاءُ الْحُسْنَىٰ فَادْعُوهُ بِهَا وَ ذَرُوا الَّذِينَ يُلْحِدُونَ فِي أَسْمَائِهِ سَيُجْزَوْنَ مَا كَانُوا يَعْمَلُونَ,0.808
,,,,وَ عَلَّمَ آدَمَ الْأَسْمَاءَ كُلَّهَا ثُمَّ عَرَضَهُمْ عَلَى الْمَلَائِكَةِ فَقَالَ أَنْبِئُونِي بِأَسْمَاءِ هَؤُلَاءِ إِنْ كُنْتُمْ صَادِقِينَ,0.717,وَ عَلَّمَ آدَمَ الْأَسْمَاءَ كُلَّهَا ثُمَّ عَرَضَهُمْ عَلَى الْمَلَائِكَةِ فَقَالَ أَنْبِئُونِي بِأَسْمَاءِ هَؤُلَاءِ إِنْ كُنْتُمْ صَادِقِينَ,0.718
,,,,وَ أَمَّا مَنْ آمَنَ وَ عَمِلَ صَالِحًا فَلَهُ جَزَاءً الْحُسْنَىٰ وَ سَنَقُولُ لَهُ مِنْ أَمْرِنَا يُسْرًا,0.627,وَ أَمَّا مَنْ آمَنَ وَ عَمِلَ صَالِحًا فَلَهُ جَزَاءً الْحُسْنَىٰ وَ سَنَقُولُ لَهُ مِنْ أَمْرِنَا يُسْرًا,0.653
,,,,وَ يَجْعَلُونَ لِلَّهِ مَا يَكْرَهُونَ وَ تَصِفُ أَلْسِنَتُهُمُ الْكَذِبَ أَنَّ لَهُمُ الْحُسْنَىٰ لَا جَرَمَ أَنَّ لَهُمُ النَّارَ وَ أَنَّهُمْ مُفْرَطُونَ,0.624,يُسَبِّحُ لِلَّهِ مَا فِي السَّمَاوَاتِ وَ مَا فِي الْأَرْضِ الْمَلِكِ الْقُدُّوسِ الْعَزِيزِ الْحَكِيمِ,0.644
,,,,وَ الذَّارِيَاتِ ذَرْوًا,0.618,وَ يَجْعَلُونَ لِلَّهِ مَا يَكْرَهُونَ وَ تَصِفُ أَلْسِنَتُهُمُ الْكَذِبَ أَنَّ لَهُمُ الْحُسْنَىٰ لَا جَرَمَ أَنَّ لَهُمُ النَّارَ وَ أَنَّهُمْ مُفْرَطُونَ,0.634
,,,,يُسَبِّحُ لِلَّهِ مَا فِي السَّمَاوَاتِ وَ مَا فِي الْأَرْضِ الْمَلِكِ الْقُدُّوسِ الْعَزِيزِ الْحَكِيمِ,0.608,وَ هُوَ الَّذِي يَبْدَأُ الْخَلْقَ ثُمَّ يُعِيدُهُ وَ هُوَ أَهْوَنُ عَلَيْهِ وَ لَهُ الْمَثَلُ الْأَعْلَىٰ فِي السَّمَاوَاتِ وَ الْأَرْضِ وَ هُوَ الْعَزِيزُ الْحَكِيمُ,0.623
,,,,إِنَّ الَّذِينَ سَبَقَتْ لَهُمْ مِنَّا الْحُسْنَىٰ أُولَئِكَ عَنْهَا مُبْعَدُونَ,0.605,وَ الذَّارِيَاتِ ذَرْوًا,0.622
:MRR,0.924,:MRR,0.95,,,,